SALE TYPE,SOLD DATE,PROPERTY TYPE,ADDRESS,CITY,STATE OR PROVINCE,ZIP OR POSTAL CODE,PRICE,BEDS,BATHS,LOCATION,SQUARE FEET,LOT SIZE,YEAR BUILT,DAYS ON MARKET,$/SQUARE FEET,HOA/MONTH,STATUS,NEXT OPEN HOUSE START TIME,NEXT OPEN HOUSE END TIME,URL (SEE http://www.redfin.com/buy-a-home/comparative-market-analysis FOR INFO ON PRICING),SOURCE,MLS#,FAVORITE,INTERESTED,LATITUDE,LONGITUDE
PAST SALE,October-10-2018,Townhouse,406 Avenue G #14,Redondo Beach,CA,90277,815000,3,2.5,156 - S Redondo Bch S of Torrance Bl,1449,87692,1987,484,562,460,Sold,,,http://www.redfin.com/CA/Redondo-Beach/406-Avenue-G-90277/unit-14/home/7706896,CRMLS,SB18096131,N,Y,33.8192985,-118.3820009
PAST SALE,December-14-2018,Townhouse,1010 S Catalina Ave Unit C,Redondo Beach,CA,90277,1149000,3,2.5,157 - S Redondo Bch W of PCH,1642,7514,1980,419,700,400,Sold,,,http://www.redfin.com/CA/Redondo-Beach/1010-S-Catalina-Ave-90277/unit-C/home/7705594,CRMLS,SB18267714,N,Y,33.825729,-118.388263
PAST SALE,May-8-2019,Townhouse,2610 Vanderbilt Ln Unit A,Redondo Beach,CA,90278,900000,3,2.5,152 - N Redondo Bch/Villas South,1826,7506,2004,274,493,,Sold,,,http://www.redfin.com/CA/Redondo-Beach/2610-Vanderbilt-Ln-90278/unit-A/home/8142654,CRMLS,SB19047079,N,Y,33.8716351,-118.3633384
PAST SALE,July-24-2018,Townhouse,2220 Clark Ln Unit B,Redondo Beach,CA,90278,1025000,3,3.0,152 - N Redondo Bch/Villas South,2137,7511,1986,562,480,,Sold,,,http://www.redfin.com/CA/Redondo-Beach/2220-Clark-Ln-90278/unit-B/home/6695543,CRMLS,SB18100166,N,Y,33.8660061,-118.3709292
PAST SALE,November-21-2019,Townhouse,313 N Broadway #8,Redondo Beach,CA,90277,955000,3,2.5,157 - S Redondo Bch W of PCH,1859,17966,1988,77,514,350,Sold,,,http://www.redfin.com/CA/Redondo-Beach/313-N-Broadway-90277/unit-8/home/7701012,CRMLS,SB19186763,N,Y,33.844686,-118.3892666
PAST SALE,August-16-2018,Townhouse,622 N Guadalupe Ave Unit B,Redondo Beach,CA,90277,1029000,3,2.5,156 - S Redondo Bch S of Torrance Bl,2336,7861,1989,539,440,225,Sold,,,http://www.redfin.com/CA/Redondo-Beach/622-N-Guadalupe-Ave-90277/unit-B/home/7700762,CRMLS,SB18095962,N,Y,33.8498232,-118.3867631
PAST SALE,September-4-2018,Townhouse,718 S Catalina Ave #1,Redondo Beach,CA,90277,975000,3,2.5,157 - S Redondo Bch W of PCH,1903,18872,1979,520,512,250,Sold,,,http://www.redfin.com/CA/Redondo-Beach/718-S-Catalina-Ave-90277/unit-1/home/7704734,CRMLS,SB18178613,N,Y,33.830255,-118.3885092
PAST SALE,April-3-2019,Townhouse,620 N Juanita Ave Unit A,Redondo Beach,CA,90277,1281000,3,2.5,155 - S Redondo Bch N of Torrance Bl,2019,5990,1994,309,634,41,Sold,,,http://www.redfin.com/CA/Redondo-Beach/620-N-Juanita-Ave-90277/unit-A/home/7700153,CRMLS,SB19033895,N,Y,33.8511147,-118.384906
PAST SALE,April-20-2018,Townhouse,4325 W 182nd St #26,Torrance,CA,90504,615000,3,2.5,132 - N Torrance - West,1492,58125,1980,657,412,315,Sold,,,http://www.redfin.com/CA/Torrance/4325-W-182nd-St-90504/unit-26/home/6574772,CRMLS,SB18056864,N,Y,33.8660666,-118.3513148
PAST SALE,March-22-2018,Townhouse,512 N Juanita Ave Unit B,Redondo Beach,CA,90277,1320000,3,3.5,155 - S Redondo Bch N of Torrance Bl,2858,6076,2004,686,462,45,Sold,,,http://www.redfin.com/CA/Redondo-Beach/512-N-Juanita-Ave-90277/unit-B/home/8139626,CRMLS,SB17222530,N,Y,33.8496382,-118.3827865
PAST SALE,November-1-2019,Townhouse,2203 Grant Ave Unit C,Redondo Beach,CA,90278,785000,3,2.5,152 - N Redondo Bch/Villas South,1732,7501,1988,97,453,150,Sold,,,http://www.redfin.com/CA/Redondo-Beach/2203-Grant-Ave-90278/unit-C/home/6693704,CRMLS,SB19074483,N,Y,33.869325,-118.3724231
PAST SALE,June-27-2019,Townhouse,2601 Carnegie Ln #1,Redondo Beach,CA,90278,835000,3,2.25,152 - N Redondo Bch/Villas South,1627,14995,1981,224,513,260,Sold,,,http://www.redfin.com/CA/Redondo-Beach/2601-Carnegie-Ln-90278/unit-1/home/6572497,CRMLS,SB19124906,N,Y,33.8712233,-118.3640635
PAST SALE,December-17-2019,Townhouse,2607 Vanderbilt Ln #3,Redondo Beach,CA,90278,765000,3,2.5,152 - N Redondo Bch/Villas South,1833,15044,1984,51,417,250,Sold,,,http://www.redfin.com/CA/Redondo-Beach/2607-Vanderbilt-Ln-90278/unit-3/home/6572373,CRMLS,PV19248985,N,Y,33.8721592,-118.3635723
PAST SALE,December-13-2018,Townhouse,2618 Curtis Ave Unit C,Redondo Beach,CA,90278,920000,3,2.5,151 - N Redondo Bch/Villas North,1790,7506,2004,420,514,,Sold,,,http://www.redfin.com/CA/Redondo-Beach/2618-Curtis-Ave-90278/unit-C/home/8148957,CRMLS,SB18243951,N,Y,33.877259,-118.3626536
PAST SALE,June-4-2019,Townhouse,2607 Mathews Ave Unit C,Redondo Beach,CA,90278,1150000,3,3.0,151 - N Redondo Bch/Villas North,2010,7438,2016,247,572,190,Sold,,,http://www.redfin.com/CA/Redondo-Beach/2607-Mathews-Ave-90278/unit-C/home/108508054,CRMLS,SB19079483,N,Y,33.8739925,-118.3636389
PAST SALE,July-31-2018,Townhouse,2617 Mathews Ave #3,Redondo Beach,CA,90278,800000,3,2.5,151 - N Redondo Bch/Villas North,1539,7501,1988,555,520,250,Sold,,,http://www.redfin.com/CA/Redondo-Beach/2617-Mathews-Ave-90278/unit-3/home/6684242,CRMLS,SB18147799,N,Y,33.8740844,-118.3628391
PAST SALE,September-16-2019,Townhouse,2609 Mathews Ave Unit B,Redondo Beach,CA,90278,1145000,3,2.5,151 - N Redondo Bch/Villas North,2069,7471,2019,143,553,200,Sold,,,http://www.redfin.com/CA/Redondo-Beach/2609-Mathews-Ave-90278/unit-B/home/163612690,CRMLS,SB19093537,N,Y,33.873995,-118.3634954
PAST SALE,June-28-2019,Townhouse,2606 Voorhees Ave Unit B,Redondo Beach,CA,90278,1300000,3,3.25,151 - N Redondo Bch/Villas North,2209,5975,2016,223,589,,Sold,,,http://www.redfin.com/CA/Redondo-Beach/2606-Voorhees-Ave-90278/unit-B/home/6684402,CRMLS,SB19114138,N,Y,33.8763381,-118.3636808
PAST SALE,March-23-2018,Townhouse,2615 Nelson Ave Unit B,Redondo Beach,CA,90278,915000,3,2.5,151 - N Redondo Bch/Villas North,1709,7498,2002,685,535,100,Sold,,,http://www.redfin.com/CA/Redondo-Beach/2615-Nelson-Ave-90278/unit-B/home/22930020,CRMLS,SB18026693,N,Y,33.8750122,-118.3629732
PAST SALE,June-4-2019,Townhouse,2604 Voorhees Ave Unit C,Redondo Beach,CA,90278,960000,3,2.5,151 - N Redondo Bch/Villas North,1773,7475,2002,247,541,100,Sold,,,http://www.redfin.com/CA/Redondo-Beach/2604-Voorhees-Ave-90278/unit-C/home/8126344,CRMLS,SB19105900,N,Y,33.8763765,-118.3638467
PAST SALE,November-25-2019,Townhouse,2203 Perkins Ln,Redondo Beach,CA,90278,1050000,3,2.5,151 - N Redondo Bch/Villas North,2099,5002,2019,73,500,160,Sold,,,http://www.redfin.com/CA/Redondo-Beach/2203-Perkins-Ln-90278/home/166775689,CRMLS,PV19112271,N,Y,33.8749392,-118.3625519
PAST SALE,November-15-2019,Townhouse,2615 Nelson Ave Unit C,Redondo Beach,CA,90278,905000,3,2.5,151 - N Redondo Bch/Villas North,1683,7498,2002,83,538,100,Sold,,,http://www.redfin.com/CA/Redondo-Beach/2615-Nelson-Ave-90278/unit-C/home/22930019,CRMLS,SB19205594,N,Y,33.8750122,-118.3629732
PAST SALE,November-8-2019,Townhouse,2606 Voorhees Ave Unit B,Redondo Beach,CA,90278,1334000,3,3.5,151 - N Redondo Bch/Villas North,2209,5975,2016,90,604,,Sold,,,http://www.redfin.com/CA/Redondo-Beach/2606-Voorhees-Ave-90278/unit-B/home/143045807,CRMLS,SB19205904,N,Y,33.8763381,-118.3636808
PAST SALE,June-24-2019,Townhouse,2523 Vanderbilt Ln Unit A,Redondo Beach,CA,90278,770000,3,2.5,152 - N Redondo Bch/Villas South,1475,7511,1979,227,522,150,Sold,,,http://www.redfin.com/CA/Redondo-Beach/2523-Vanderbilt-Ln-90278/unit-A/home/6692188,CRMLS,SB19124200,N,Y,33.8721227,-118.364434
PAST SALE,August-6-2019,Townhouse,2519 Carnegie Ln Unit B,Redondo Beach,CA,90278,799000,3,2.25,152 - N Redondo Bch/Villas South,1605,15004,1979,184,498,200,Sold,,,http://www.redfin.com/CA/Redondo-Beach/2519-Carnegie-Ln-90278/unit-B/home/6693185,CRMLS,SB19143901,N,Y,33.87113,-118.364959
PAST SALE,July-2-2019,Townhouse,2623 Nelson Ave,Redondo Beach,CA,90278,1100000,3,2.5,151 - N Redondo Bch/Villas North,1840,5002,2019,219,598,160,Sold,,,http://www.redfin.com/CA/Redondo-Beach/2623-Nelson-Ave-90278/home/6684290,CRMLS,PV19111968,N,Y,33.8748986,-118.3623454
PAST SALE,June-26-2018,Townhouse,2205 Felton Ln,Redondo Beach,CA,90278,956695,3,2.5,151 - N Redondo Bch/Villas North,2541,7488,1987,590,377,140,Sold,,,http://www.redfin.com/CA/Redondo-Beach/2205-Felton-Ln-90278/unit-C/home/22679457,CRMLS,SB18109653,N,Y,33.8750805,-118.3644419
PAST SALE,August-6-2019,Townhouse,2515 Nelson Ave Unit C,Redondo Beach,CA,90278,920000,3,2.5,151 - N Redondo Bch/Villas North,1726,7500,2000,184,533,125,Sold,,,http://www.redfin.com/CA/Redondo-Beach/2515-Nelson-Ave-90278/unit-C/home/8111368,CRMLS,SB19149820,N,Y,33.875001,-118.3651141
PAST SALE,,Condo/Co-op,2707 Vanderbilt Ln #1,Redondo Beach,CA,90278,790000,3,3.0,,1764,,1981,,448,,,,,http://www.redfin.com/CA/Redondo-Beach/2707-Vanderbilt-Ln-90278/unit-1/home/6572358,,,N,Y,33.8721627,-118.3615466
PAST SALE,May-31-2019,Townhouse,1924 Mathews Ave Unit C,Redondo Beach,CA,90278,782500,3,2.0,151 - N Redondo Bch/Villas North,1636,7499,1988,251,478,150,Sold,,,http://www.redfin.com/CA/Redondo-Beach/1924-Mathews-Ave-90278/unit-C/home/6689382,CRMLS,SB19050062,N,Y,33.8735255,-118.377901
PAST SALE,January-8-2019,Townhouse,1915 Ernest Ave Unit A,Redondo Beach,CA,90278,960000,3,2.5,151 - N Redondo Bch/Villas North,2057,7500,1987,394,467,,Sold,,,http://www.redfin.com/CA/Redondo-Beach/1915-Ernest-Ave-90278/unit-A/home/6679036,CRMLS,SB18258567,N,Y,33.883044,-118.377442
PAST SALE,June-22-2018,Townhouse,1903 Ernest Ave Unit A,Redondo Beach,CA,90278,855000,3,2.25,151 - N Redondo Bch/Villas North,1387,16282,1988,594,616,160,Sold,,,http://www.redfin.com/CA/Redondo-Beach/1903-Ernest-Ave-90278/unit-A/home/6679051,CRMLS,SB18114669,N,Y,33.882923,-118.3782951
PAST SALE,June-22-2018,Townhouse,2806 Green Ln,Redondo Beach,CA,90278,889130,3,2.25,151 - N Redondo Bch/Villas North,1572,6658,1980,594,566,,Sold,,,http://www.redfin.com/CA/Redondo-Beach/2806-Green-Ln-90278/home/6679729,CRMLS,SB18114770,N,Y,33.8806006,-118.3768184
PAST SALE,,Condo/Co-op,305 Aviation Pl,Manhattan Beach,CA,90266,1067000,3,3.0,,1747,,2002,,611,,,,,http://www.redfin.com/CA/Manhattan-Beach/305-Aviation-Pl-90266/home/22923555,,,N,Y,33.880724,-118.378945
PAST SALE,November-9-2018,Townhouse,229 Aviation Pl,Manhattan Beach,CA,90266,1080000,3,2.5,147 - Manhattan Bch Mira Costa,1758,59679,2002,454,614,436,Sold,,,http://www.redfin.com/CA/Manhattan-Beach/229-Aviation-Pl-90266/home/8135621,CRMLS,PV18214059,N,Y,33.8806585,-118.3788275
PAST SALE,February-22-2018,Townhouse,2517 Vanderbilt Ln Unit B,Redondo Beach,CA,90278,749900,3,2.25,152 - N Redondo Bch/Villas South,1609,7471,1997,714,466,120,Sold,,,http://www.redfin.com/CA/Redondo-Beach/2517-Vanderbilt-Ln-90278/unit-B/home/6692199,CRMLS,SB17216737,N,Y,33.8721175,-118.3649362
PAST SALE,September-25-2018,Townhouse,404 1/2 Calle Miramar,Redondo Beach,CA,90277,1080000,3,2.5,128 - Hollywood Riviera,1868,93797,1978,499,578,465,Sold,,,http://www.redfin.com/CA/Redondo-Beach/338-1-2-Calle-Miramar-90277/home/7707812,CRMLS,SB18172793,N,Y,33.8117522,-118.388116
PAST SALE,May-2-2019,Townhouse,1920 S Pacific Coast Hwy #110,Redondo Beach,CA,90277,1075000,3,3.5,156 - S Redondo Bch S of Torrance Bl,1749,65121,2018,280,615,440,Sold,,,http://www.redfin.com/CA/Redondo-Beach/1920-S-Pacific-Coast-Hwy-90277/unit-110/home/164420920,CRMLS,OC19098278,N,Y,33.8159505,-118.3761559
PAST SALE,May-4-2019,Townhouse,1920 S Pacific Coast Hwy #108,Redondo Beach,CA,90277,998000,3,3.5,156 - S Redondo Bch S of Torrance Bl,1749,65121,2018,278,571,440,Sold,,,http://www.redfin.com/CA/Redondo-Beach/1920-S-Pacific-Coast-Hwy-90277/unit-108/home/164668589,CRMLS,OC19100859,N,Y,33.8159505,-118.3761559
PAST SALE,August-15-2018,Townhouse,2017 Warfield Ave Unit A,Redondo Beach,CA,90278,935000,3,2.5,151 - N Redondo Bch/Villas North,2083,6499,1990,540,449,90,Sold,,,http://www.redfin.com/CA/Redondo-Beach/2017-Warfield-Ave-90278/unit-A/home/6677807,CRMLS,SB18147042,N,Y,33.8867839,-118.3755805
PAST SALE,May-3-2019,Townhouse,2007 B Dufour Ave Unit B,Redondo Beach,CA,90278,999000,3,3.0,151 - N Redondo Bch/Villas North,2120,7502,1985,279,471,70,Sold,,,http://www.redfin.com/CA/Redondo-Beach/2007-Dufour-Ave-90278/unit-B/home/6677930,CRMLS,SB19043955,N,Y,33.8857844,-118.3763033
PAST SALE,September-26-2018,Townhouse,2015 Bataan Rd #102,Redondo Beach,CA,90278,738000,3,2.0,151 - N Redondo Bch/Villas North,1557,15008,1969,498,474,274,Sold,,,http://www.redfin.com/CA/Redondo-Beach/2015-Bataan-Rd-90278/unit-102/home/6678366,CRMLS,SB18176774,N,Y,33.884954,-118.3759077
PAST SALE,August-15-2019,Townhouse,2011 Dufour Ave Unit A,Redondo Beach,CA,90278,1150000,3,2.5,151 - N Redondo Bch/Villas North,2183,7496,1986,175,527,,Sold,,,http://www.redfin.com/CA/Redondo-Beach/2011-Dufour-Ave-90278/unit-A/home/6677933,CRMLS,SB19170584,N,Y,33.8857857,-118.3760192
PAST SALE,April-10-2018,Townhouse,2803 Blossom Ln Unit A,Redondo Beach,CA,90278,1120000,3,2.5,151 - N Redondo Bch/Villas North,2160,,1986,667,519,,Sold,,,http://www.redfin.com/CA/Redondo-Beach/2803-Blossom-Ln-90278/unit-A/home/6679733,CRMLS,PV18039541,N,Y,33.8802256,-118.3750118
PAST SALE,April-20-2018,Townhouse,2803 Blossom Ln Unit B,Redondo Beach,CA,90278,1200000,3,2.5,151 - N Redondo Bch/Villas North,2160,6636,1986,657,556,,Sold,,,http://www.redfin.com/CA/Redondo-Beach/2803-Blossom-Ln-90278/unit-B/home/6679738,CRMLS,SB18057407,N,Y,33.8802256,-118.3750118
PAST SALE,September-5-2018,Townhouse,2308 Mathews Ave #4,Redondo Beach,CA,90278,750000,3,2.5,151 - N Redondo Bch/Villas North,1692,44993,1978,519,443,366,Sold,,,http://www.redfin.com/CA/Redondo-Beach/2308-Mathews-Ave-90278/unit-4/home/6682534,CRMLS,OC18152934,N,Y,33.8735488,-118.369242
PAST SALE,May-31-2019,Townhouse,2502 Mathews Ave #2,Redondo Beach,CA,90278,860000,3,2.0,151 - N Redondo Bch/Villas North,1673,7525,1985,251,514,250,Sold,,,http://www.redfin.com/CA/Redondo-Beach/2502-Mathews-Ave-90278/unit-2/home/6684105,CRMLS,SB19034116,N,Y,33.8735565,-118.3660985
PAST SALE,April-30-2019,Townhouse,2101 Vail Ave,Redondo Beach,CA,90278,978000,3,3.0,151 - N Redondo Bch/Villas North,2024,5850,1991,282,483,,Sold,,,http://www.redfin.com/CA/Redondo-Beach/2101-Vail-Ave-90278/home/6688760,CRMLS,SB19035092,N,Y,33.8739397,-118.3700721
PAST SALE,October-10-2018,Townhouse,1409 Goodman Ave,Redondo Beach,CA,90278,950000,3,2.5,154 - N Redondo Bch/Golden Hills,1801,58192,1978,484,527,400,Sold,,,http://www.redfin.com/CA/Redondo-Beach/1409-Goodman-Ave-90278/home/6701663,CRMLS,SB18216937,N,Y,33.8668679,-118.385623
PAST SALE,December-12-2018,Townhouse,1931 Gates Ave #2,Redondo Beach,CA,90278,999000,3,2.5,151 - N Redondo Bch/Villas North,2120,7502,1986,421,471,125,Sold,,,http://www.redfin.com/CA/Redondo-Beach/1931-Gates-Ave-90278/unit-2/home/6686219,CRMLS,SB18269074,N,Y,33.8787266,-118.3774471
PAST SALE,October-10-2018,Townhouse,2009 Nelson Ave Unit B,Redondo Beach,CA,90278,900000,3,2.5,151 - N Redondo Bch/Villas North,2200,7495,1987,484,409,,Sold,,,http://www.redfin.com/CA/Redondo-Beach/2009-Nelson-Ave-90278/unit-B/home/6688381,CRMLS,SB18147523,N,Y,33.874988,-118.376137
PAST SALE,December-3-2019,Townhouse,1909 Mathews Ave Unit A,Redondo Beach,CA,90278,850000,3,2.5,151 - N Redondo Bch/Villas North,1523,5418,1989,65,558,,Sold,,,http://www.redfin.com/CA/Redondo-Beach/1909-Mathews-Ave-90278/unit-A/home/6689189,CRMLS,SB19226291,N,Y,33.8739838,-118.3792255
PAST SALE,May-30-2018,Townhouse,2006 Aviation Way Unit E,Redondo Beach,CA,90278,930000,3,2.5,151 - N Redondo Bch/Villas North,2597,14989,1987,617,358,325,Sold,,,http://www.redfin.com/CA/Redondo-Beach/2006-Aviation-Way-90278/unit-E/home/6689351,CRMLS,SB18089847,N,Y,33.87344,-118.3796657
PAST SALE,August-22-2018,Townhouse,2003 Carnegie Ln #2,Redondo Beach,CA,90278,852000,3,2.5,151 - N Redondo Bch/Villas North,2112,7499,1979,533,403,200,Sold,,,http://www.redfin.com/CA/Redondo-Beach/2003-Carnegie-Ln-90278/unit-2/home/6690278,CRMLS,SB18179136,N,Y,33.8712022,-118.3766276
PAST SALE,January-10-2020,Townhouse,1808 Green Ln,Redondo Beach,CA,90278,935000,3,2.5,152 - N Redondo Bch/Villas South,1812,5501,1997,27,516,,Sold,,,http://www.redfin.com/CA/Redondo-Beach/1808-Green-Ln-90278/home/6690285,CRMLS,SB19186113,N,Y,33.871664,-118.376781
PAST SALE,November-13-2019,Townhouse,1773 Mathews Ave,Manhattan Beach,CA,90266,1220000,3,2.5,147 - Manhattan Bch Mira Costa,1800,7500,2012,85,678,330,Sold,,,http://www.redfin.com/CA/Manhattan-Beach/1773-Mathews-Ave-90266/home/51586119,CRMLS,SB19238743,N,Y,33.8739027,-118.3803576
PAST SALE,April-26-2019,Townhouse,1818 Belmont Ln #2,Redondo Beach,CA,90278,1218000,3,2.5,152 - N Redondo Bch/Villas South,2721,7503,1991,286,448,150,Sold,,,http://www.redfin.com/CA/Redondo-Beach/1818-Belmont-Ln-90278/unit-2/home/6700097,CRMLS,SB19055656,N,Y,33.8630919,-118.3795073
PAST SALE,March-22-2018,Townhouse,2307 Felton Ln Unit A,Redondo Beach,CA,90278,921000,3,2.0,151 - N Redondo Bch/Villas North,1772,,1987,686,520,200,Sold,,,http://www.redfin.com/CA/Redondo-Beach/2307-Felton-Ln-90278/unit-A/home/6683992,CRMLS,SB18030073,N,Y,33.8762702,-118.3645938
PAST SALE,February-13-2019,Townhouse,2609 Curtis Ave Unit A,Redondo Beach,CA,90278,919000,3,2.5,151 - N Redondo Bch/Villas North,1823,7503,2004,358,504,100,Sold,,,http://www.redfin.com/CA/Redondo-Beach/2609-Curtis-Ave-90278/unit-A/home/8142686,CRMLS,SB19006810,N,Y,33.8777904,-118.3635016
PAST SALE,August-30-2019,Townhouse,2511 Mathews Ave Unit C,Redondo Beach,CA,90278,717000,3,2.5,151 - N Redondo Bch/Villas North,1669,7508,1980,160,430,197,Sold,,,http://www.redfin.com/CA/Redondo-Beach/2511-Mathews-Ave-90278/unit-C/home/6684071,CRMLS,SB19167167,N,Y,33.8739966,-118.3654083
PAST SALE,October-30-2019,Townhouse,2105 Felton Ln,Redondo Beach,CA,90278,826700,3,2.5,N. Redondo Beach/Villas North,1431,7505,1986,99,578,190,Sold,,,http://www.redfin.com/CA/Redondo-Beach/2105-Felton-Ln-90278/home/6684080,TheMLS,19-511824,N,Y,33.874077,-118.36444
PAST SALE,October-11-2018,Townhouse,834 N Lucia Ave Unit A,Redondo Beach,CA,90277,862500,3,2.0,155 - S Redondo Bch N of Torrance Bl,1534,8518,1973,483,562,250,Sold,,,http://www.redfin.com/CA/Redondo-Beach/834-N-Lucia-Ave-90277/unit-A/home/7699648,CRMLS,SB18180242,N,Y,33.8541026,-118.3885141
PAST SALE,July-25-2019,Townhouse,703 1st St,Hermosa Beach,CA,90254,1675000,3,3.0,149 - Hermosa Bch Valley,2438,4603,1991,196,687,,Sold,,,http://www.redfin.com/CA/Hermosa-Beach/703-1st-St-90254/home/6718323,CRMLS,SB19085245,N,Y,33.855071,-118.39136
PAST SALE,August-23-2018,Townhouse,828 N Lucia Ave,Redondo Beach,CA,90277,1165000,3,2.0,155 - S Redondo Bch N of Torrance Bl,1141,4402,1952,532,1021,,Sold,,,http://www.redfin.com/CA/Redondo-Beach/828-N-Lucia-Ave-90277/unit-AB/home/7699635,CRMLS,PV18117040,N,Y,33.853993,-118.388126
PAST SALE,December-11-2019,Townhouse,931 1st St Unit B,Hermosa Beach,CA,90254,1400000,3,2.5,150 - Hermosa Bch East,1900,6738,2012,57,737,120,Sold,,,http://www.redfin.com/CA/Hermosa-Beach/931-1st-St-90254/unit-B/home/79038609,CRMLS,SB19229555,N,Y,33.856273,-118.388786
PAST SALE,August-6-2019,Townhouse,2518 Curtis Ave #3,Redondo Beach,CA,90278,729900,3,2.25,151 - N Redondo Bch/Villas North,1491,,1976,184,490,250,Sold,,,http://www.redfin.com/CA/Redondo-Beach/2518-Curtis-Ave-90278/unit-3/home/6683712,CRMLS,SB19139840,N,Y,33.8772944,-118.3648368
PAST SALE,June-4-2019,Townhouse,2311 Voorhees Ave Unit A,Redondo Beach,CA,90278,1360000,3,3.5,151 - N Redondo Bch/Villas North,2200,6000,2019,247,618,200,Sold,,,http://www.redfin.com/CA/Redondo-Beach/2311-Voorhees-Ave-90278/unit-A/home/161475647,CRMLS,SB19035911,N,Y,33.8768209,-118.3690449
PAST SALE,April-27-2018,Townhouse,2210 Mathews Ave Unit B,Redondo Beach,CA,90278,914000,3,3.0,151 - N Redondo Bch/Villas North,1750,7491,2004,650,522,175,Sold,,,http://www.redfin.com/CA/Redondo-Beach/2210-Mathews-Ave-90278/unit-B/home/8142701,CRMLS,SB18027217,N,Y,33.873528,-118.3717468
PAST SALE,,Condo/Co-op,2221 Nelson Ave Unit B,Redondo Beach,CA,90278,995000,3,3.0,,2112,,1987,,471,,,,,http://www.redfin.com/CA/Redondo-Beach/2221-Nelson-Ave-90278/unit-B/home/6688567,,,N,Y,33.874886,-118.3709709
PAST SALE,July-12-2019,Townhouse,2225 Mathews Ave Unit A,Redondo Beach,CA,90278,849000,3,3.0,151 - N Redondo Bch/Villas North,1720,14687,2000,209,494,175,Sold,,,http://www.redfin.com/CA/Redondo-Beach/2225-Mathews-Ave-90278/unit-A/home/6688676,CRMLS,SB19082504,N,Y,33.8740689,-118.370597
PAST SALE,April-9-2019,Townhouse,2100 Blossom Ln,Redondo Beach,CA,90278,955000,3,2.5,151 - N Redondo Bch/Villas North,1942,7480,2003,303,492,200,Sold,,,http://www.redfin.com/CA/Redondo-Beach/2100-Blossom-Ln-90278/home/8135531,CRMLS,SB19051216,N,Y,33.8740692,-118.3747043
PAST SALE,March-6-2019,Townhouse,2215 Curtis Ave Unit A,Redondo Beach,CA,90278,968590,3,2.25,151 - N Redondo Bch/Villas North,1923,7497,1984,337,504,,Sold,,,http://www.redfin.com/CA/Redondo-Beach/2215-Curtis-Ave-90278/unit-A/home/6686712,CRMLS,SB19017345,N,Y,33.8778033,-118.3714278
PAST SALE,September-19-2019,Townhouse,2603 Rindge Ln,Redondo Beach,CA,90278,1150000,3,3.0,151 - N Redondo Bch/Villas North,2300,7510,1985,140,500,,Sold,,,http://www.redfin.com/CA/Redondo-Beach/2603-Rindge-Ln-90278/home/6686439,CRMLS,SB19175952,N,Y,33.87873,-118.372888
PAST SALE,May-9-2019,Townhouse,2623 Huntington Ln #2,Redondo Beach,CA,90278,952000,3,2.5,152 - N Redondo Bch/Villas South,1510,7503,1978,273,630,,Sold,,,http://www.redfin.com/CA/Redondo-Beach/2623-Huntington-Ln-90278/unit-2/home/79040252,CRMLS,SB19083633,N,Y,33.8683127,-118.3623277
PAST SALE,,Condo/Co-op,2613 Grant Ave Unit B,Redondo Beach,CA,90278,677000,3,3.0,,1420,,1981,,477,,,,,http://www.redfin.com/CA/Redondo-Beach/2613-Grant-Ave-90278/unit-B/home/6572694,,,N,Y,33.8692434,-118.3631672
PAST SALE,June-14-2018,Townhouse,1800 S Pacific Coast #22,Redondo Beach,CA,90277,949000,3,2.75,156 - S Redondo Bch S of Torrance Bl,1672,199337,2000,602,568,303,Sold,,,http://www.redfin.com/CA/Redondo-Beach/1800-S-Pacific-Coast-Hwy-90277/unit-22/home/8112134,CRMLS,PV18104647,N,Y,33.8170209,-118.3805819
PAST SALE,July-17-2018,Townhouse,1800 S Pacific Coast #45,Redondo Beach,CA,90277,934000,3,2.5,156 - S Redondo Bch S of Torrance Bl,1622,199337,2002,569,576,303,Sold,,,http://www.redfin.com/CA/Redondo-Beach/1800-S-Pacific-Coast-Hwy-90277/unit-45/home/8112154,CRMLS,SB18102668,N,Y,33.8170209,-118.3805819
PAST SALE,April-12-2019,Townhouse,1800 S Pacific Coast #61,Redondo Beach,CA,90277,904000,3,3.0,156 - S Redondo Bch S of Torrance Bl,1672,199337,2001,300,541,302,Sold,,,http://www.redfin.com/CA/Redondo-Beach/1800-S-Pacific-Coast-Hwy-90277/unit-61/home/8112170,CRMLS,SB19014386,N,Y,33.8170209,-118.3805819
PAST SALE,September-13-2018,Townhouse,1800 S Pacific Coast Hwy,Redondo Beach,CA,90277,910000,3,2.75,156 - S Redondo Bch S of Torrance Bl,1836,199337,2001,511,496,303,Sold,,,http://www.redfin.com/CA/Redondo-Beach/1800-S-Pacific-Coast-Hwy-90277/unit-86/home/8112186,CRMLS,SB18178132,N,Y,33.8170209,-118.3805819
PAST SALE,May-3-2018,Townhouse,1916 Marshallfield Ln Unit A,Redondo Beach,CA,90278,985000,3,2.25,152 - N Redondo Bch/Villas South,1616,7507,1986,644,610,,Sold,,,http://www.redfin.com/CA/Redondo-Beach/1916-Marshallfield-Ln-90278/unit-A/home/6697743,CRMLS,PW18065789,N,Y,33.8648415,-118.3775358
PAST SALE,August-22-2018,Townhouse,1907 Pullman Ln Unit B,Redondo Beach,CA,90278,1200000,3,2.5,152 - N Redondo Bch/Villas South,2542,7498,1993,533,472,,Sold,,,http://www.redfin.com/CA/Redondo-Beach/1907-Pullman-Ln-90278/unit-B/home/6697772,CRMLS,SB18173411,N,Y,33.8644769,-118.3783958
PAST SALE,February-12-2019,Townhouse,1104 Harkness Ln Unit A,Redondo Beach,CA,90278,750000,3,2.5,152 - N Redondo Bch/Villas South,1500,7499,1974,359,500,275,Sold,,,http://www.redfin.com/CA/Redondo-Beach/1104-Harkness-Ln-90278/unit-A/home/6700017,CRMLS,PW18238945,N,Y,33.8646754,-118.3808454
PAST SALE,September-30-2019,Townhouse,1802 Grant Ave Unit C,Redondo Beach,CA,90278,923000,3,2.5,152 - N Redondo Bch/Villas South,1637,7497,1986,129,564,175,Sold,,,http://www.redfin.com/CA/Redondo-Beach/1802-Grant-Ave-90278/unit-C/home/6691357,CRMLS,CV19204722,N,Y,33.868691,-118.380826
PAST SALE,September-7-2018,Townhouse,2605 Vanderbilt Ln Unit B,Redondo Beach,CA,90278,890550,3,2.5,152 - N Redondo Bch/Villas South,2230,7538,2005,517,399,75,Sold,,,http://www.redfin.com/CA/Redondo-Beach/2605-Vanderbilt-Ln-90278/unit-B/home/8151463,CRMLS,SB18156259,N,Y,33.8721508,-118.3638406
PAST SALE,July-23-2018,Townhouse,2619 Carnegie Ln Unit C,Redondo Beach,CA,90278,990000,3,2.5,152 - N Redondo Bch/Villas South,1813,7500,2006,563,546,75,Sold,,,http://www.redfin.com/CA/Redondo-Beach/2619-Carnegie-Ln-90278/unit-C/home/12293516,CRMLS,SB18150337,N,Y,33.8712337,-118.3626992
PAST SALE,October-30-2018,Townhouse,2715 Vanderbilt Ln Unit A,Redondo Beach,CA,90278,749000,3,2.5,152 - N Redondo Bch/Villas South,1635,15034,1981,464,458,275,Sold,,,http://www.redfin.com/CA/Redondo-Beach/2715-Vanderbilt-Ln-90278/unit-A/home/6573118,CRMLS,SB18229603,N,Y,33.8720678,-118.3609644
PAST SALE,July-15-2019,Townhouse,2604 Vanderbilt Ln Unit A,Redondo Beach,CA,90278,965000,3,2.5,152 - N Redondo Bch/Villas South,1750,7507,2006,206,551,184,Sold,,,http://www.redfin.com/CA/Redondo-Beach/2604-Vanderbilt-Ln-90278/unit-A/home/12290739,CRMLS,SB19125065,N,Y,33.8716324,-118.3638031
PAST SALE,November-15-2019,Townhouse,2601 Carnegie Ln#6,Redondo Beach,CA,90278,805000,3,2.5,152 - N Redondo Bch/Villas South,1627,14995,1981,83,495,260,Sold,,,http://www.redfin.com/CA/Redondo-Beach/2601-Carnegie-Ln-90278/unit-6/home/6572512,CRMLS,TR19172901,N,Y,33.8712233,-118.3640635
PAST SALE,January-17-2020,Townhouse,1732 Ruxton Ln Unit D,Redondo Beach,CA,90278,815000,3,2.5,152 - N Redondo Bch/Villas South,1656,36993,2000,20,492,170,Sold,,,http://www.redfin.com/CA/Redondo-Beach/1732-Ruxton-Ln-90278/unit-D/home/8106357,CRMLS,SB19252536,N,Y,33.870724,-118.359464
PAST SALE,December-11-2018,Townhouse,1710 Grant Ave #19,Redondo Beach,CA,90278,800000,3,3.0,152 - N Redondo Bch/Villas South,1885,33467,1974,422,424,396,Sold,,,http://www.redfin.com/CA/Redondo-Beach/1710-Grant-Ave-90278/unit-19/home/6700749,CRMLS,SB18208976,N,Y,33.8686908,-118.3819137
PAST SALE,May-7-2019,Townhouse,18417 Mansel Ave,Redondo Beach,CA,90278,829000,3,2.5,153 - N Redondo Bch/El Nido,2050,6006,2005,275,404,85,Sold,,,http://www.redfin.com/CA/Redondo-Beach/18417-Mansel-Ave-90278/home/17236347,CRMLS,SB19057832,N,Y,33.8633301,-118.3558105
PAST SALE,August-1-2018,Townhouse,18419 Mansel Ave,Redondo Beach,CA,90278,810000,3,2.5,153 - N Redondo Bch/El Nido,2005,6006,2005,554,404,90,Sold,,,http://www.redfin.com/CA/Redondo-Beach/18419-Mansel-Ave-90278/home/17236130,CRMLS,SB18141240,N,Y,33.863352,-118.355894
PAST SALE,November-18-2019,Townhouse,18515 Burin Ave,Redondo Beach,CA,90278,820000,3,2.5,153 - N Redondo Bch/El Nido,1575,,2019,80,521,215,Sold,,,http://www.redfin.com/CA/Redondo-Beach/18515-Burin-Ave-90278/home/160456647,CRMLS,SB19151318,N,Y,33.8624189,-118.3536563
PAST SALE,June-21-2019,Townhouse,18510 Grevillea Ave,Redondo Beach,CA,90278,869900,3,2.5,153 - N Redondo Bch/El Nido,1575,,2019,230,552,170,Sold,,,http://www.redfin.com/CA/Redondo-Beach/18512-Grevillea-Ave-90278/home/167406774,CRMLS,SB19066725,N,Y,33.8624768,-118.3541162
PAST SALE,January-23-2020,Townhouse,18514 Grevillea Ave,Redondo Beach,CA,90278,849000,3,2.5,153 - N Redondo Bch/El Nido,1511,,2019,14,562,175,Sold,,,http://www.redfin.com/CA/Redondo-Beach/18514-Grevillea-Ave-90278/home/166746585,CRMLS,SB19116535,N,Y,33.8624234,-118.3541111
PAST SALE,June-22-2018,Townhouse,2404 Marshallfield Ln Unit B,Redondo Beach,CA,90278,1225000,3,2.5,152 - N Redondo Bch/Villas South,2462,7753,1988,594,498,,Sold,,,http://www.redfin.com/CA/Redondo-Beach/2404-Marshallfield-Ln-90278/unit-B/home/6696234,CRMLS,SB18103894,N,Y,33.864971,-118.368009
PAST SALE,March-20-2019,Townhouse,2404 Hadley Ln Unit B,Redondo Beach,CA,90278,802000,3,2.5,153 - N Redondo Bch/El Nido,1590,7496,1989,323,504,170,Sold,,,http://www.redfin.com/CA/Redondo-Beach/2404-Hadley-Ln-90278/unit-B/home/6696340,CRMLS,SB19020675,N,Y,33.864502,-118.366695
PAST SALE,July-10-2018,Townhouse,1920 Carnegie Ln #2,Redondo Beach,CA,90278,825000,3,2.25,152 - N Redondo Bch/Villas South,1398,7500,1987,576,590,100,Sold,,,http://www.redfin.com/CA/Redondo-Beach/1920-Carnegie-Ln-90278/unit-2/home/6690673,CRMLS,SB18118275,N,Y,33.870679,-118.3772524
PAST SALE,October-4-2018,Townhouse,2019 Rockefeller Ln Unit C,Redondo Beach,CA,90278,800000,3,2.5,152 - N Redondo Bch/Villas South,1829,7499,1985,490,437,300,Sold,,,http://www.redfin.com/CA/Redondo-Beach/2019-Rockefeller-Ln-90278/unit-C/home/6690555,CRMLS,SB18210928,N,Y,33.8702378,-118.3753447
PAST SALE,May-13-2019,Townhouse,2120 Grant Ave Unit A,Redondo Beach,CA,90278,865000,3,2.5,152 - N Redondo Bch/Villas South,1670,7512,2001,269,518,100,Sold,,,http://www.redfin.com/CA/Redondo-Beach/2120-Grant-Ave-90278/unit-A/home/8114513,CRMLS,CV18281236,N,Y,33.8686845,-118.3730622
PAST SALE,September-10-2019,Townhouse,2101 Vanderbilt Ln #4,Redondo Beach,CA,90278,715000,3,1.75,152 - N Redondo Bch/Villas South,1296,15007,1981,149,552,260,Sold,,,http://www.redfin.com/CA/Redondo-Beach/2101-Vanderbilt-Ln-90278/unit-4/home/6689689,CRMLS,SB19128194,N,Y,33.8721394,-118.3746045
PAST SALE,September-18-2019,Townhouse,2021 Carnegie Ln #7,Redondo Beach,CA,90278,970000,3,2.5,152 - N Redondo Bch/Villas South,1716,15000,1982,141,565,240,Sold,,,http://www.redfin.com/CA/Redondo-Beach/2021-Carnegie-Ln-90278/unit-7/home/6690214,CRMLS,SB19152326,N,Y,33.8712044,-118.3750636
PAST SALE,September-27-2019,Townhouse,2007 Carnegie Ln Unit B,Redondo Beach,CA,90278,854000,3,2.5,152 - N Redondo Bch/Villas South,1635,7500,1988,132,522,165,Sold,,,http://www.redfin.com/CA/Redondo-Beach/2007-Carnegie-Ln-90278/unit-B/home/6690271,CRMLS,SB19187056,N,Y,33.8711774,-118.3763005
PAST SALE,October-16-2019,Townhouse,2101 Vanderbilt Ln #7,Redondo Beach,CA,90278,727000,3,2.0,152 - N Redondo Bch/Villas South,1547,15007,1981,113,470,260,Sold,,,http://www.redfin.com/CA/Redondo-Beach/2101-Vanderbilt-Ln-90278/unit-7/home/142206744,CRMLS,SB19211587,N,Y,33.872135,-118.374592
PAST SALE,January-17-2020,Townhouse,1904 Rindge Ln Unit B,Redondo Beach,CA,90278,715000,3,3.0,152 - N Redondo Bch/Villas South,2174,4993,1989,20,329,,Sold,,,http://www.redfin.com/CA/Redondo-Beach/1904-Rindge-Ln-90278/unit-B/home/6692429,CRMLS,SB19236962,N,Y,33.8722274,-118.3725144
PAST SALE,December-23-2019,Townhouse,1708 Clark Ln Unit A,Redondo Beach,CA,90278,1089000,3,2.5,152 - N Redondo Bch/Villas South,2150,7503,1985,45,507,,Sold,,,http://www.redfin.com/CA/Redondo-Beach/1708-Clark-Ln-90278/unit-A/home/6700222,CRMLS,SB19134575,N,Y,33.8659757,-118.3824699
PAST SALE,,Condo/Co-op,104 Avenue G Unit B,Redondo Beach,CA,90277,2395000,3,3.0,,2600,,2007,,921,,,,,http://www.redfin.com/CA/Redondo-Beach/104-Avenue-G-90277/unit-B/home/21913210,,,N,Y,33.8211082,-118.388942
PAST SALE,March-6-2019,Townhouse,1309 S Catalina Ave Unit B,Redondo Beach,CA,90277,1417000,3,3.0,157 - S Redondo Bch W of PCH,1963,7516,2000,337,722,200,Sold,,,http://www.redfin.com/CA/Redondo-Beach/1309-S-Catalina-Ave-90277/unit-B/home/8107206,CRMLS,SB19014519,N,Y,33.8227269,-118.3889065
PAST SALE,May-2-2018,Townhouse,2211 Carnegie Ln Unit A,Redondo Beach,CA,90278,990000,3,2.5,152 - N Redondo Bch/Villas South,1818,7498,2006,645,545,137,Sold,,,http://www.redfin.com/CA/Redondo-Beach/2211-Carnegie-Ln-90278/unit-A/home/12292318,CRMLS,PV18064430,N,Y,33.8711943,-118.3717171
PAST SALE,February-25-2019,Townhouse,2105 Vanderbilt Ln Unit A,Redondo Beach,CA,90278,725000,3,1.5,152 - N Redondo Bch/Villas South,1157,15013,1976,346,627,120,Sold,,,http://www.redfin.com/CA/Redondo-Beach/2105-Vanderbilt-Ln-90278/unit-A/home/6689667,CRMLS,SB19014368,N,Y,33.872,-118.374386
PAST SALE,November-22-2019,Townhouse,1904 Slauson Ln,Redondo Beach,CA,90278,944000,3,2.5,152 - N Redondo Bch/Villas South,1902,7500,2000,76,496,150,Sold,,,http://www.redfin.com/CA/Redondo-Beach/1904-Slauson-Ln-90278/home/8116122,CRMLS,SB19197433,N,Y,33.8721419,-118.370459
PAST SALE,November-25-2019,Townhouse,2220 Rockefeller Ln Unit C,Redondo Beach,CA,90278,1069000,3,2.5,152 - N Redondo Bch/Villas South,1883,7511,2000,73,568,100,Sold,,,http://www.redfin.com/CA/Redondo-Beach/2220-Rockefeller-Ln-90278/unit-C/home/8106390,CRMLS,PV19241545,N,Y,33.8697302,-118.3709622
PAST SALE,November-20-2019,Townhouse,2201 Grant Ave #2,Redondo Beach,CA,90278,695000,3,2.25,152 - N Redondo Bch/Villas South,1433,7501,1975,78,485,269,Sold,,,http://www.redfin.com/CA/Redondo-Beach/2201-Grant-Ave-90278/unit-2/home/6693659,CRMLS,OC19152778,N,Y,33.8693404,-118.3725731
PAST SALE,August-31-2018,Townhouse,2310 Vanderbilt Ln #1,Redondo Beach,CA,90278,785000,3,2.5,152 - N Redondo Bch/Villas South,1554,15007,1978,524,505,200,Sold,,,http://www.redfin.com/CA/Redondo-Beach/2310-Vanderbilt-Ln-90278/unit-1/home/6692738,CRMLS,SB18164619,N,Y,33.8716255,-118.3697287
PAST SALE,April-4-2019,Townhouse,2314 Vanderbilt Ln Unit B,Redondo Beach,CA,90278,793000,3,3.0,152 - N Redondo Bch/Villas South,1500,7500,1988,308,529,200,Sold,,,http://www.redfin.com/CA/Redondo-Beach/2314-Vanderbilt-Ln-90278/unit-B/home/6692852,CRMLS,SB19033072,N,Y,33.871637,-118.3693332
PAST SALE,March-1-2019,Townhouse,2413 Rockefeller Ln Unit A,Redondo Beach,CA,90278,890000,3,2.5,152 - N Redondo Bch/Villas South,1790,7502,2005,342,497,120,Sold,,,http://www.redfin.com/CA/Redondo-Beach/2413-Rockefeller-Ln-90278/unit-A/home/8151856,CRMLS,SB18266736,N,Y,33.8702707,-118.3673558
PAST SALE,June-8-2018,Townhouse,2421 Grant Ave Unit C,Redondo Beach,CA,90278,955000,3,2.5,152 - N Redondo Bch/Villas South,1940,7496,2006,608,492,125,Sold,,,http://www.redfin.com/CA/Redondo-Beach/2421-Grant-Ave-90278/unit-C/home/8182010,CRMLS,SB18081087,N,Y,33.8693341,-118.3666938
PAST SALE,,Condo/Co-op,2517 Vanderbilt Ln Unit A,Redondo Beach,CA,90278,799000,3,3.0,,1637,,1997,,488,,,,,http://www.redfin.com/CA/Redondo-Beach/2517-Vanderbilt-Ln-90278/unit-A/home/6692195,,,N,Y,33.8721175,-118.3649362
PAST SALE,August-9-2019,Townhouse,2305 Carnegie Ln Unit B,Redondo Beach,CA,90278,897000,3,2.5,152 - N Redondo Bch/Villas South,1711,7499,2005,181,524,110,Sold,,,http://www.redfin.com/CA/Redondo-Beach/2305-Carnegie-Ln-90278/unit-B/home/8152698,CRMLS,SB19145300,N,Y,33.8712037,-118.3701518
PAST SALE,September-12-2019,Townhouse,2417 Rockefeller Ln Unit A,Redondo Beach,CA,90278,870000,3,2.0,151 - N Redondo Bch/Villas North,1653,7496,1989,147,526,160,Sold,,,http://www.redfin.com/CA/Redondo-Beach/2417-Rockefeller-Ln-90278/unit-A/home/6693413,CRMLS,SB19182648,N,Y,33.8702704,-118.3670362
PAST SALE,November-22-2019,Townhouse,2521 Grant Ave Unit A,Redondo Beach,CA,90278,835000,3,2.5,152 - N Redondo Bch/Villas South,1632,7506,1995,76,512,125,Sold,,,http://www.redfin.com/CA/Redondo-Beach/2521-Grant-Ave-90278/unit-A/home/6693945,CRMLS,SB19217797,N,Y,33.8693522,-118.3646167
PAST SALE,August-26-2019,Townhouse,1107 Rindge Ln,Redondo Beach,CA,90278,937000,3,2.5,152 - N Redondo Bch/Villas South,1510,10017,1978,164,621,256,Sold,,,http://www.redfin.com/CA/Redondo-Beach/1107-Rindge-Ln-90278/home/6697613,CRMLS,SB19170544,N,Y,33.8646553,-118.3728969
PAST SALE,November-13-2019,Townhouse,2214 Marshallfield Ln Unit A,Redondo Beach,CA,90278,965000,3,2.5,152 - N Redondo Bch/Villas South,2047,7504,1985,85,471,,Sold,,,http://www.redfin.com/CA/Redondo-Beach/2214-Marshallfield-Ln-90278/unit-A/home/6697539,CRMLS,SB19223482,N,Y,33.8649814,-118.3714431
PAST SALE,,Condo/Co-op,2512 Huntington Ln Unit A,Redondo Beach,CA,90278,1100000,3,3.0,,2382,,1992,,462,,,,,http://www.redfin.com/CA/Redondo-Beach/2512-Huntington-Ln-90278/unit-A/home/6694949,,,N,Y,33.8677886,-118.3652663
PAST SALE,April-9-2019,Townhouse,1007 Blossom Ln,Redondo Beach,CA,90278,924000,3,2.5,152 - N Redondo Bch/Villas South,1625,7504,1979,303,569,50,Sold,,,http://www.redfin.com/CA/Redondo-Beach/1007-Blossom-Ln-90278/home/6697865,CRMLS,SB19037729,N,Y,33.8641125,-118.3749983
PAST SALE,April-17-2019,Townhouse,2009 Morgan Ln Unit A,Redondo Beach,CA,90278,1050000,3,2.5,152 - N Redondo Bch/Villas South,1748,7487,1982,295,601,,Sold,,,http://www.redfin.com/CA/Redondo-Beach/2009-Morgan-Ln-90278/unit-A/home/6698371,CRMLS,SB19082503,N,Y,33.8618291,-118.3761207
PAST SALE,August-16-2019,Townhouse,1920 S Pacific Coast Hwy #101,Redondo Beach,CA,90277,1180000,3,3.5,156 - S Redondo Bch S of Torrance Bl,1749,65121,2018,174,675,440,Sold,,,http://www.redfin.com/CA/Redondo-Beach/1920-S-Pacific-Coast-Hwy-90277/unit-101/home/167260708,CRMLS,OC19165188,N,Y,33.8159505,-118.3761559
PAST SALE,July-31-2018,Townhouse,406 Avenue G #19,Redondo Beach,CA,90277,780000,3,2.5,156 - S Redondo Bch S of Torrance Bl,1449,87692,1987,555,538,460,Sold,,,http://www.redfin.com/CA/Redondo-Beach/406-Avenue-G-90277/unit-19/home/7706901,CRMLS,PV18076986,N,Y,33.8192985,-118.3820009
PAST SALE,April-12-2018,Townhouse,452 Palos Verdes Blvd,Redondo Beach,CA,90277,1000000,3,3.0,128 - Hollywood Riviera,1591,87782,1977,665,629,460,Sold,,,http://www.redfin.com/CA/Redondo-Beach/452-Palos-Verdes-Blvd-90277/home/7707710,CRMLS,SB18024043,N,Y,33.8089889,-118.387112
PAST SALE,January-24-2019,Townhouse,5212 W 190th St,Torrance,CA,90503,740000,3,3.0,131 - West Torrance,1831,927,1976,378,404,475,Sold,,,http://www.redfin.com/CA/Torrance/5212-W-190th-St-90503/home/7714073,CRMLS,WS18278452,N,Y,33.857675,-118.368078
PAST SALE,December-18-2019,Townhouse,147 Calle Mayor,Redondo Beach,CA,90277,1005000,3,2.25,128 - Hollywood Riviera,1837,87782,1977,50,547,471,Sold,,,http://www.redfin.com/CA/Redondo-Beach/147-Calle-Mayor-90277/home/7707731,CRMLS,PV19220508,N,Y,33.8085024,-118.3871133
PAST SALE,April-26-2018,Townhouse,101 Calle Mayor,Redondo Beach,CA,90277,1160000,3,2.25,128 - Hollywood Riviera,1845,,1974,651,629,420,Sold,,,http://www.redfin.com/CA/Redondo-Beach/101-Calle-Mayor-90277/home/7707688,CRMLS,SB18054941,N,Y,33.8078607,-118.3879395
PAST SALE,May-17-2018,Townhouse,203 Aviation Pl,Manhattan Beach,CA,90266,1170000,3,3.0,147 - Manhattan Bch Mira Costa,1747,59679,2002,630,670,436,Sold,,,http://www.redfin.com/CA/Manhattan-Beach/203-Aviation-Pl-90266/home/8135627,CRMLS,SB18065430,N,Y,33.880186901454536,-118.37892488343238
PAST SALE,March-9-2018,Townhouse,2705 Mathews Ave #2,Redondo Beach,CA,90278,779000,3,3.0,151 - N Redondo Bch/Villas North,1657,7512,1984,699,470,130,Sold,,,http://www.redfin.com/CA/Redondo-Beach/2705-Mathews-Ave-90278/unit-2/home/6685461,CRMLS,SB18014318,N,Y,33.8740863,-118.3617191
PAST SALE,March-1-2018,Townhouse,2519 Ruhland Ave Unit A,Redondo Beach,CA,90278,841000,3,3.0,151 - N Redondo Bch/Villas North,1657,7486,1999,707,508,140,Sold,,,http://www.redfin.com/CA/Redondo-Beach/2519-Ruhland-Ave-90278/unit-A/home/8101734,CRMLS,SB18010442,N,Y,33.875977,-118.3647982
PAST SALE,June-14-2019,Townhouse,1419 Goodman Ave,Redondo Beach,CA,90278,889000,3,2.5,154 - N Redondo Bch/Golden Hills,1801,58192,1978,237,494,400,Sold,,,http://www.redfin.com/CA/Redondo-Beach/1419-Goodman-Ave-90278/home/6701668,CRMLS,SB19118677,N,Y,33.8668679,-118.385623
PAST SALE,February-13-2018,Townhouse,2606 Rindge Ln,Redondo Beach,CA,90278,1168000,3,2.5,151 - N Redondo Bch/Villas North,2050,7493,1985,723,570,,Sold,,,http://www.redfin.com/CA/Redondo-Beach/2606-Rindge-Ln-90278/home/6686553,CRMLS,PV18005573,N,Y,33.8790521,-118.3726251
PAST SALE,April-16-2019,Townhouse,301 Diamond St Unit F,Redondo Beach,CA,90277,1339000,3,2.5,157 - S Redondo Bch W of PCH,2349,30531,1991,296,570,314,Sold,,,http://www.redfin.com/CA/Redondo-Beach/301-Diamond-St-90277/unit-F/home/7701029,CRMLS,PV19005386,N,Y,33.8438849,-118.3890052
PAST SALE,April-11-2019,Townhouse,105 N Broadway Unit A,Redondo Beach,CA,90277,940000,3,2.5,157 - S Redondo Bch W of PCH,1656,28778,1989,301,568,300,Sold,,,http://www.redfin.com/CA/Redondo-Beach/105-N-Broadway-90277/unit-A/home/7702106,CRMLS,SB19046740,N,Y,33.842319,-118.387621
PAST SALE,June-1-2018,Townhouse,1200 Opal St #31,Redondo Beach,CA,90277,800000,3,2.25,156 - S Redondo Bch S of Torrance Bl,1656,62166,1974,615,483,420,Sold,,,http://www.redfin.com/CA/Redondo-Beach/1200-Opal-St-90277/unit-31/home/7710289,CRMLS,SB18087918,N,Y,33.8372057,-118.3744835
PAST SALE,October-10-2018,Townhouse,323 S Broadway #1,Redondo Beach,CA,90277,976500,3,2.25,157 - S Redondo Bch W of PCH,1457,13093,1974,484,670,340,Sold,,,http://www.redfin.com/CA/Redondo-Beach/323-S-Broadway-90277/unit-1/home/7702400,CRMLS,SB17257337,N,Y,33.8369108,-118.3870124
PAST SALE,,Condo/Co-op,2120 Dufour Ave #26,Redondo Beach,CA,90278,710000,3,3.0,,1368,,1975,,519,,,,,http://www.redfin.com/CA/Redondo-Beach/2120-Dufour-Ave-90278/unit-26/home/6678285,,,N,Y,33.8851983,-118.3731066
PAST SALE,June-21-2018,Townhouse,2120 Dufour Ave #27,Redondo Beach,CA,90278,725000,3,2.5,151 - N Redondo Bch/Villas North,1368,45019,1975,595,530,375,Sold,,,http://www.redfin.com/CA/Redondo-Beach/2120-Dufour-Ave-90278/unit-27/home/6678287,CRMLS,SB18071637,N,Y,33.8851983,-118.3731066
PAST SALE,,Condo/Co-op,2111 Farrell Ave Unit A,Redondo Beach,CA,90278,645000,3,3.0,,1666,,1979,,387,,,,,http://www.redfin.com/CA/Redondo-Beach/2111-Farrell-Ave-90278/unit-A/home/6678690,,,N,Y,33.8838711,-118.3740208
PAST SALE,November-14-2019,Townhouse,2120 Dufour Ave #13,Redondo Beach,CA,90278,715000,3,3.0,151 - N Redondo Bch/Villas North,1368,45019,1975,84,523,375,Sold,,,http://www.redfin.com/CA/Redondo-Beach/2120-Dufour-Ave-90278/unit-13/home/6678257,CRMLS,SB19224466,N,Y,33.8851983,-118.3731066
PAST SALE,June-4-2019,Townhouse,611 N Lucia Ave Unit B,Redondo Beach,CA,90277,1195000,3,2.5,155 - S Redondo Bch N of Torrance Bl,1881,5995,1999,247,635,25,Sold,,,http://www.redfin.com/CA/Redondo-Beach/611-N-Lucia-Ave-90277/unit-B/home/8092907,CRMLS,PV19094083,N,Y,33.851096,-118.383973
PAST SALE,February-15-2019,Townhouse,508 N Juanita Ave Unit A,Redondo Beach,CA,90277,1079000,3,2.0,155 - S Redondo Bch N of Torrance Bl,1720,5997,1987,356,627,,Sold,,,http://www.redfin.com/CA/Redondo-Beach/508-N-Juanita-Ave-90277/unit-A/home/7700185,CRMLS,SB19017589,N,Y,33.849449,-118.382608
PAST SALE,,Condo/Co-op,613 N Lucia Ave Unit A,Redondo Beach,CA,90277,1495000,3,3.0,,2377,,2014,,629,,,,,http://www.redfin.com/CA/Redondo-Beach/613-N-Lucia-Ave-90277/unit-A/home/108943580,,,N,Y,33.8512277,-118.3840097
PAST SALE,,Condo/Co-op,212 S Irena Ave Unit A,Redondo Beach,CA,90277,1565000,3,3.0,,2340,,2016,,669,,,,,http://www.redfin.com/CA/Redondo-Beach/212-S-Irena-Ave-90277/unit-A/home/143517523,,,N,Y,33.8396982,-118.3796813
PAST SALE,August-24-2018,Townhouse,118 S Irena Ave Unit B,Redondo Beach,CA,90277,1560000,3,3.5,155 - S Redondo Bch N of Torrance Bl,2102,6010,2018,531,742,150,Sold,,,http://www.redfin.com/CA/Redondo-Beach/118-S-Irena-Ave-90277/unit-B/home/7702554,CRMLS,SB18141589,N,Y,33.8412444,-118.3799096
PAST SALE,September-6-2019,Townhouse,110 S Prospect Ave #4,Redondo Beach,CA,90277,890000,3,2.5,155 - S Redondo Bch N of Torrance Bl,1808,12893,1988,153,492,362,Sold,,,http://www.redfin.com/CA/Redondo-Beach/110-S-Prospect-Ave-90277/unit-4/home/7711981,CRMLS,SB19167078,N,Y,33.8418783,-118.3760364
PAST SALE,May-16-2019,Townhouse,2218 Dufour Ave Unit A,Redondo Beach,CA,90278,875000,3,2.5,151 - N Redondo Bch/Villas North,1854,7509,1988,266,472,100,Sold,,,http://www.redfin.com/CA/Redondo-Beach/2218-Dufour-Ave-90278/unit-A/home/6678207,CRMLS,SB19063757,N,Y,33.885334,-118.371124
PAST SALE,March-30-2018,Townhouse,205 S Francisca Ave #3,Redondo Beach,CA,90277,910000,3,2.5,155 - S Redondo Bch N of Torrance Bl,1359,11989,1980,678,670,230,Sold,,,http://www.redfin.com/CA/Redondo-Beach/205-S-Francisca-Ave-90277/unit-3/home/7702362,CRMLS,SB18035769,N,Y,33.8398098,-118.3846821
PAST SALE,January-18-2019,Townhouse,206 S Catalina Ave Unit D,Redondo Beach,CA,90277,1000000,3,2.5,157 - S Redondo Bch W of PCH,1933,16839,1990,384,517,250,Sold,,,http://www.redfin.com/CA/Redondo-Beach/206-S-Catalina-Ave-90277/unit-D/home/7702313,CRMLS,SB18192752,N,Y,33.8395268,-118.3877179
PAST SALE,August-2-2018,Townhouse,142 S Broadway,Redondo Beach,CA,90277,1275575,3,3.5,157 - S Redondo Bch W of PCH,2145,11269,1989,553,595,250,Sold,,,http://www.redfin.com/CA/Redondo-Beach/142-S-Broadway-90277/unit-4/home/7702170,CRMLS,RS18150605,N,Y,33.8405663,-118.3864939
PAST SALE,August-1-2018,Townhouse,100 S Catalina Ave Unit C,Redondo Beach,CA,90277,974995,3,3.0,157 - S Redondo Bch W of PCH,1586,11811,1990,554,615,300,Sold,,,http://www.redfin.com/CA/Redondo-Beach/100-S-Catalina-Ave-90277/unit-C/home/7702207,CRMLS,PW18118967,N,Y,33.841713,-118.387963
PAST SALE,January-31-2019,Townhouse,203 S Prospect Ave Unit A,Redondo Beach,CA,90277,1355000,3,3.5,155 - S Redondo Bch N of Torrance Bl,2520,7982,2014,371,538,74,Sold,,,http://www.redfin.com/CA/Redondo-Beach/203-S-Prospect-Ave-90277/unit-A/home/79042937,CRMLS,SB18141029,N,Y,33.8404437,-118.3764931
PAST SALE,March-22-2019,Townhouse,214 S Lucia Ave Unit A,Redondo Beach,CA,90277,1059000,3,2.5,155 - S Redondo Bch N of Torrance Bl,2102,7934,2018,321,504,100,Sold,,,http://www.redfin.com/CA/Redondo-Beach/214-S-Lucia-Ave-90277/unit-A/home/145285321,CRMLS,SB18239042,N,Y,33.8397306,-118.3774521
PAST SALE,February-6-2019,Townhouse,220 S Prospect Ave #10,Redondo Beach,CA,90277,765000,3,2.5,155 - S Redondo Bch N of Torrance Bl,1525,24531,1980,365,502,385,Sold,,,http://www.redfin.com/CA/Redondo-Beach/220-S-Prospect-Ave-90277/unit-10/home/7712003,CRMLS,SB18215112,N,Y,33.839637,-118.3756635
PAST SALE,March-1-2019,Townhouse,222 N Prospect Ave Unit B,Redondo Beach,CA,90277,975000,3,3.0,155 - S Redondo Bch N of Torrance Bl,2054,5739,2002,342,475,,Sold,,,http://www.redfin.com/CA/Redondo-Beach/222-N-Prospect-Ave-90277/unit-B/home/8122814,CRMLS,SB18229274,N,Y,33.845503,-118.376778
PAST SALE,June-29-2018,Townhouse,1800 S Pacific Coast HY #83,Redondo Beach,CA,90277,920000,3,2.75,156 - S Redondo Bch S of Torrance Bl,1622,199337,2001,587,567,303,Sold,,,http://www.redfin.com/CA/Redondo-Beach/1800-S-Pacific-Coast-Hwy-90277/unit-83/home/8112183,CRMLS,PV18106003,N,Y,33.8170209,-118.3805819
PAST SALE,March-5-2019,Townhouse,806 N Irena Ave Unit B,Redondo Beach,CA,90277,1169000,3,3.0,155 - S Redondo Bch N of Torrance Bl,2100,12051,2008,338,557,270,Sold,,,http://www.redfin.com/CA/Redondo-Beach/806-N-Irena-Ave-90277/unit-B/home/21919352,CRMLS,SB18241495,N,Y,33.8521742,-118.3887722
PAST SALE,December-28-2018,Townhouse,721 N Irena Ave Unit E,Redondo Beach,CA,90277,925000,3,2.25,155 - S Redondo Bch N of Torrance Bl,1625,19464,1980,405,569,250,Sold,,,http://www.redfin.com/CA/Redondo-Beach/721-N-Irena-Ave-90277/unit-E/home/7700420,CRMLS,SB18255216,N,Y,33.8512749,-118.3880057
PAST SALE,December-5-2019,Townhouse,501 Agate St,Redondo Beach,CA,90277,985000,3,3.0,155 - S Redondo Bch N of Torrance Bl,2304,10840,1989,63,428,250,Sold,,,http://www.redfin.com/CA/Redondo-Beach/501-Agate-St-90277/home/7700339,CRMLS,OC19197530,N,Y,33.8521586,-118.3882758
PAST SALE,June-1-2018,Townhouse,606 N Guadalupe Ave Unit C,Redondo Beach,CA,90277,930000,3,2.5,155 - S Redondo Bch N of Torrance Bl,1549,1951,1979,615,600,300,Sold,,,http://www.redfin.com/CA/Redondo-Beach/606-N-Guadalupe-Ave-90277/unit-C/home/7700703,CRMLS,SB18088971,N,Y,33.8489255,-118.386351
PAST SALE,September-25-2018,Townhouse,619 N Irena Ave Unit A,Redondo Beach,CA,90277,1150000,3,2.5,155 - S Redondo Bch N of Torrance Bl,2504,8237,1988,499,459,83,Sold,,,http://www.redfin.com/CA/Redondo-Beach/619-N-Irena-Ave-90277/unit-A/home/7700755,CRMLS,SB18207627,N,Y,33.8498774,-118.3863271
PAST SALE,June-19-2018,Townhouse,618 N Guadalupe Ave Unit B,Redondo Beach,CA,90277,955618,3,3.0,155 - S Redondo Bch N of Torrance Bl,1584,7968,2001,597,603,80,Sold,,,http://www.redfin.com/CA/Redondo-Beach/618-N-Guadalupe-Ave-90277/unit-B/home/8113525,CRMLS,SB18086134,N,Y,33.849553,-118.386707
PAST SALE,April-30-2019,Townhouse,506 N Helberta Ave #6,Redondo Beach,CA,90277,1075000,3,2.5,155 - S Redondo Bch N of Torrance Bl,1967,14387,1980,282,547,390,Sold,,,http://www.redfin.com/CA/Redondo-Beach/506-N-Helberta-Ave-90277/unit-6/home/7700877,CRMLS,SB19050182,N,Y,33.8479154,-118.3844811
PAST SALE,December-11-2019,Townhouse,403 N Elena Ave #5,Redondo Beach,CA,90277,1025000,3,2.5,157 - S Redondo Bch W of PCH,1666,12032,1980,57,615,300,Sold,,,http://www.redfin.com/CA/Redondo-Beach/403-N-Elena-Ave-90277/unit-5/home/7700597,CRMLS,SB19198798,N,Y,33.8463331,-118.3892956
PAST SALE,July-3-2018,Townhouse,620 El Redondo Ave #2,Redondo Beach,CA,90277,1095000,3,2.5,155 - S Redondo Bch N of Torrance Bl,2498,10075,1987,583,438,400,Sold,,,http://www.redfin.com/CA/Redondo-Beach/620-El-Redondo-Ave-90277/unit-2/home/7701403,CRMLS,SB18064432,N,Y,33.8431727,-118.3829761
PAST SALE,June-19-2018,Townhouse,109 S Helberta Ave #2,Redondo Beach,CA,90277,1015000,3,2.5,155 - S Redondo Bch N of Torrance Bl,2122,6770,1986,597,478,,Sold,,,http://www.redfin.com/CA/Redondo-Beach/109-S-Helberta-Ave-90277/unit-2/home/7702687,CRMLS,SB18059847,N,Y,33.84168,-118.381849
PAST SALE,October-10-2019,Townhouse,106 S Guadalupe Ave Unit C,Redondo Beach,CA,90277,950000,3,2.5,155 - S Redondo Bch N of Torrance Bl,1615,13795,1980,119,588,350,Sold,,,http://www.redfin.com/CA/Redondo-Beach/106-S-Guadalupe-Ave-90277/unit-C/home/7702678,CRMLS,SB19193639,N,Y,33.8417974,-118.3825681
PAST SALE,January-31-2020,Townhouse,636 Vincent Park Unit A,Redondo Beach,CA,90277,1700000,3,3.25,155 - S Redondo Bch N of Torrance Bl,2394,6038,2019,6,710,174,Sold,,,http://www.redfin.com/CA/Redondo-Beach/636-Vincent-Park-90277/unit-A/home/170015400,CRMLS,SB19274738,N,Y,33.8433993,-118.3835957
PAST SALE,June-27-2019,Townhouse,124 S Guadalupe Ave Unit B,Redondo Beach,CA,90277,1300000,3,2.5,155 - S Redondo Bch N of Torrance Bl,2232,11992,2019,224,582,,Sold,,,http://www.redfin.com/CA/Redondo-Beach/124-S-Guadalupe-Ave-90277/unit-B/home/160518860,CRMLS,SB19041169,N,Y,33.8408144,-118.3824815
PAST SALE,October-31-2018,Townhouse,708 Garnet St,Redondo Beach,CA,90277,1180000,3,3.0,155 - S Redondo Bch N of Torrance Bl,1974,6268,1989,463,598,,Sold,,,http://www.redfin.com/CA/Redondo-Beach/708-Garnet-St-90277/home/7702884,CRMLS,SB18229298,N,Y,33.840286,-118.3810101
PAST SALE,June-26-2019,Townhouse,110 S Guadalupe Ave #4,Redondo Beach,CA,90277,935000,3,3.0,155 - S Redondo Bch N of Torrance Bl,1615,14813,1983,225,579,325,Sold,,,http://www.redfin.com/CA/Redondo-Beach/110-S-Guadalupe-Ave-90277/unit-4/home/7702682,CRMLS,PW19089940,N,Y,33.8414828,-118.3824039
PAST SALE,May-8-2019,Townhouse,425 S Catalina Ave #6,Redondo Beach,CA,90277,1038000,3,2.75,157 - S Redondo Bch W of PCH,2486,11275,1984,274,418,594,Sold,,,http://www.redfin.com/CA/Redondo-Beach/425-S-Catalina-Ave-90277/unit-6/home/7704576,CRMLS,SB19063953,N,Y,33.8356416,-118.3881726
PAST SALE,December-4-2018,Townhouse,431 S Broadway,Redondo Beach,CA,90277,923000,3,2.5,157 - S Redondo Bch W of PCH,1607,26542,1978,429,574,360,Sold,,,http://www.redfin.com/CA/Redondo-Beach/431-S-Broadway-90277/unit-5/home/7704868,CRMLS,SB18158409,N,Y,33.8353639,-118.3869201
PAST SALE,April-13-2018,Townhouse,221 S Lucia Ave Unit A,Redondo Beach,CA,90277,1175000,3,2.5,155 - S Redondo Bch N of Torrance Bl,2216,6047,1998,664,530,,Sold,,,http://www.redfin.com/CA/Redondo-Beach/221-S-Lucia-Ave-90277/unit-A/home/7703048,CRMLS,PV18060127,N,Y,33.8393426,-118.3780033
PAST SALE,February-22-2018,Townhouse,121 S Lucia Ave #3,Redondo Beach,CA,90277,1000000,3,3.0,155 - S Redondo Bch N of Torrance Bl,2014,18626,1986,714,497,350,Sold,,,http://www.redfin.com/CA/Redondo-Beach/121-S-Lucia-Ave-90277/unit-3/home/7702532,CRMLS,SB18013096,N,Y,33.8411274,-118.3780227
PAST SALE,August-10-2018,Townhouse,600 S Catalina Ave S Unit D,Redondo Beach,CA,90277,1205000,3,4.0,157 - S Redondo Bch W of PCH,2136,27784,1988,545,564,340,Sold,,,http://www.redfin.com/CA/Redondo-Beach/600-S-Catalina-Ave-90277/unit-D/home/7704802,CRMLS,SB18147088,N,Y,33.832875,-118.387911
PAST SALE,July-9-2019,Townhouse,217 S Helberta Ave #3,Redondo Beach,CA,90277,999000,3,2.5,155 - S Redondo Bch N of Torrance Bl,2015,10550,1981,212,496,220,Sold,,,http://www.redfin.com/CA/Redondo-Beach/217-S-Helberta-Ave-90277/unit-3/home/7702840,CRMLS,SB19082570,N,Y,33.8322129,-118.3870991
PAST SALE,July-31-2019,Townhouse,214 N Juanita Ave Unit B,Redondo Beach,CA,90277,1030000,3,2.5,155 - S Redondo Bch N of Torrance Bl,1763,5975,1980,190,584,,Sold,,,http://www.redfin.com/CA/Redondo-Beach/214-N-Juanita-Ave-90277/unit-B/home/166669342,CRMLS,SB19078537,N,Y,33.8440674,-118.3795185
PAST SALE,October-12-2018,Townhouse,219 N Lucia Ave Unit A,Redondo Beach,CA,90277,1285000,3,2.5,155 - S Redondo Bch N of Torrance Bl,2350,6016,2006,482,547,,Sold,,,http://www.redfin.com/CA/Redondo-Beach/219-N-Lucia-Ave-90277/unit-A/home/8182156,CRMLS,PV18248811,N,Y,33.8453246,-118.3793606
PAST SALE,December-19-2018,Townhouse,111 S Lucia Ave #1,Redondo Beach,CA,90277,1199000,3,2.5,155 - S Redondo Bch N of Torrance Bl,1913,6260,1985,414,627,,Sold,,,http://www.redfin.com/CA/Redondo-Beach/111-S-Lucia-Ave-90277/unit-1/home/7702529,CRMLS,SB18257777,N,Y,33.8417853,-118.3780795
PAST SALE,May-6-2019,Townhouse,105 S Irena Ave #4,Redondo Beach,CA,90277,1025000,3,2.5,155 - S Redondo Bch N of Torrance Bl,2133,12492,1980,276,481,300,Sold,,,http://www.redfin.com/CA/Redondo-Beach/105-S-Irena-Ave-90277/unit-4/home/7702625,CRMLS,SB19074673,N,Y,33.8419156,-118.3806418
PAST SALE,,Condo/Co-op,214 N Juanita Ave #2,Redondo Beach,CA,90277,1030000,3,3.0,,1763,,1980,,584,,,,,http://www.redfin.com/CA/Redondo-Beach/214-N-Juanita-Ave-90277/unit-2/home/7701626,,,N,Y,33.8441315,-118.3793992
PAST SALE,August-30-2019,Townhouse,235 N Juanita Ave Unit A,Redondo Beach,CA,90277,1160000,3,3.25,155 - S Redondo Bch N of Torrance Bl,2480,6013,1985,160,468,,Sold,,,http://www.redfin.com/CA/Redondo-Beach/235-N-Juanita-Ave-90277/unit-A/home/7701529,CRMLS,SB19083113,N,Y,33.8449212,-118.3804693
PAST SALE,September-13-2019,Townhouse,202 N Irena Ave Unit B,Redondo Beach,CA,90277,1149000,3,3.0,155 - S Redondo Bch N of Torrance Bl,2072,5967,2003,146,555,,Sold,,,http://www.redfin.com/CA/Redondo-Beach/202-N-Irena-Ave-90277/unit-B/home/8139641,CRMLS,SB19148601,N,Y,33.8432509,-118.3804514
PAST SALE,October-2-2019,Townhouse,204 N Irena Ave Unit B,Redondo Beach,CA,90277,1375000,3,2.5,155 - S Redondo Bch N of Torrance Bl,2497,5968,2003,127,551,,Sold,,,http://www.redfin.com/CA/Redondo-Beach/204-N-Irena-Ave-90277/unit-B/home/8139643,CRMLS,SB19198333,N,Y,33.8433738,-118.380422
PAST SALE,September-21-2018,Townhouse,619 S Pacific Coast Unit B,Redondo Beach,CA,90277,1035000,3,4.0,157 - S Redondo Bch W of PCH,1812,11042,2006,503,571,312,Sold,,,http://www.redfin.com/CA/Redondo-Beach/619-S-Pacific-Coast-Hwy-90277/unit-B/home/12286079,CRMLS,SB18174618,N,Y,33.8314837,-118.3852533
PAST SALE,October-1-2019,Townhouse,316 N Francisca Unit A,Redondo Beach,CA,90277,1400000,3,4.5,155 - S Redondo Bch N of Torrance Bl,2362,5458,2019,128,593,200,Sold,,,http://www.redfin.com/CA/Redondo-Beach/316-N-Francisca-Ave-90277/unit-A/home/160564528,CRMLS,SB19045255,N,Y,33.8465662,-118.3870841
PAST SALE,,Multi-Family (2-4 Unit),316 N Francisca Ave,Redondo Beach,CA,90277,1400000,2,1.0,,836,5458,1905,,1675,,,,,http://www.redfin.com/CA/Redondo-Beach/316-N-Francisca-Ave-90277/home/7700968,,,N,Y,33.8465662,-118.3870841
PAST SALE,September-19-2019,Townhouse,530 Avenue C Unit A,Redondo Beach,CA,90277,1700000,3,4.0,156 - S Redondo Bch S of Torrance Bl,2400,6105,2019,140,708,250,Sold,,,http://www.redfin.com/CA/Redondo-Beach/530-Avenue-C-90277/unit-A/home/167692554,CRMLS,SB19168952,N,Y,33.825302,-118.384496
PAST SALE,October-17-2019,Townhouse,1301 S Catalina Ave Unit B,Redondo Beach,CA,90277,1215000,3,2.5,157 - S Redondo Bch W of PCH,1730,25002,1982,112,702,325,Sold,,,http://www.redfin.com/CA/Redondo-Beach/1301-S-Catalina-Ave-90277/unit-B/home/17232750,CRMLS,SB19216784,N,Y,33.8229877,-118.388773
PAST SALE,April-9-2019,Townhouse,926 S Pacific Coast Hwy Unit B,Redondo Beach,CA,90277,1149000,3,3.5,156 - S Redondo Bch S of Torrance Bl,2186,5091,2007,303,526,85,Sold,,,http://www.redfin.com/CA/Redondo-Beach/926-S-Pacific-Coast-Hwy-90277/unit-B/home/17230205,CRMLS,SB19028777,N,Y,33.8269248,-118.385254
PAST SALE,July-6-2018,Townhouse,1525 Artesia Blvd Unit A,Manhattan Beach,CA,90266,905000,3,2.5,147 - Manhattan Bch Mira Costa,1412,13465,1998,580,641,300,Sold,,,http://www.redfin.com/CA/Manhattan-Beach/1525-Artesia-Blvd-90266/unit-A/home/8101818,CRMLS,SB18039961,N,Y,33.8732292,-118.3864425
PAST SALE,January-30-2019,Townhouse,1551 Artesia Blvd #2,Manhattan Beach,CA,90266,940000,3,3.0,147 - Manhattan Bch Mira Costa,1800,6730,2008,372,522,200,Sold,,,http://www.redfin.com/CA/Manhattan-Beach/1551-Artesia-Blvd-90266/unit-2/home/22951970,CRMLS,SB18179996,N,Y,33.8731798,-118.3855982
PAST SALE,March-12-2019,Townhouse,1217 24th St,Hermosa Beach,CA,90254,1300000,3,3.0,150 - Hermosa Bch East,1668,3002,1973,331,779,,Sold,,,http://www.redfin.com/CA/Hermosa-Beach/1217-24th-St-90254/home/6714819,CRMLS,SB18287542,N,Y,33.872359,-118.392083
PAST SALE,March-23-2018,Townhouse,420 Esplanade #2,Redondo Beach,CA,90277,1175000,3,2.5,157 - S Redondo Bch W of PCH,1991,22915,1985,685,590,495,Sold,,,http://www.redfin.com/CA/Redondo-Beach/420-Esplanade-90277/unit-2/home/7704578,CRMLS,SB17257149,N,Y,33.835999,-118.3882961
PAST SALE,,Condo/Co-op,2005 Vanderbilt Ln #1,Redondo Beach,CA,90278,845000,3,3.0,,1678,,1979,,504,,,,,http://www.redfin.com/CA/Redondo-Beach/2005-Vanderbilt-Ln-90278/unit-1/home/6689749,,,N,Y,33.8721363,-118.376465
PAST SALE,April-17-2018,Townhouse,2019 Carnegie Ln #7,Redondo Beach,CA,90278,868000,3,2.5,152 - N Redondo Bch/Villas South,1654,14989,1984,660,525,275,Sold,,,http://www.redfin.com/CA/Redondo-Beach/2019-Carnegie-Ln-90278/unit-7/home/6690244,CRMLS,SB18051732,N,Y,33.8712038,-118.3753929
PAST SALE,September-26-2018,Townhouse,2019 Carnegie Ln #2,Redondo Beach,CA,90278,830000,3,2.5,152 - N Redondo Bch/Villas South,1900,14989,1984,498,437,275,Sold,,,http://www.redfin.com/CA/Redondo-Beach/2019-Carnegie-Ln-90278/unit-2/home/6690224,CRMLS,SB18195793,N,Y,33.8712038,-118.3753929
PAST SALE,,Condo/Co-op,213 Aviation Pl,Manhattan Beach,CA,90266,1170000,3,3.0,,1747,,2002,,670,,,,,http://www.redfin.com/CA/Manhattan-Beach/213-Aviation-Pl-90266/home/8135625,,,N,Y,33.8804231,-118.3788869
PAST SALE,May-10-2019,Townhouse,311 Aviation Pl,Manhattan Beach,CA,90266,1045000,3,2.5,147 - Manhattan Bch Mira Costa,1747,59679,2002,272,598,510,Sold,,,http://www.redfin.com/CA/Manhattan-Beach/311-Aviation-Pl-90266/home/8135613,CRMLS,PW19039208,N,Y,33.881188,-118.3788664
PAST SALE,December-28-2018,Townhouse,211 Aviation Pl,Manhattan Beach,CA,90266,1075000,3,2.5,147 - Manhattan Bch Mira Costa,1747,59679,2002,405,615,436,Sold,,,http://www.redfin.com/CA/Manhattan-Beach/211-Aviation-Pl-90266/home/8135626,CRMLS,SB18221822,N,Y,33.8803618,-118.3788885
PAST SALE,August-23-2019,Townhouse,1777 Mathews Ave,Manhattan Beach,CA,90266,1270000,3,2.5,147 - Manhattan Bch Mira Costa,1900,7500,2012,167,668,330,Sold,,,http://www.redfin.com/CA/Manhattan-Beach/1777-Mathews-Ave-90266/home/51586128,CRMLS,SB19171475,N,Y,33.8739309,-118.3801859
PAST SALE,February-5-2019,Townhouse,1920 Voorhees Ave #3,Redondo Beach,CA,90278,900000,3,2.5,151 - N Redondo Bch/Villas North,1660,14992,1985,366,542,243,Sold,,,http://www.redfin.com/CA/Redondo-Beach/1920-Voorhees-Ave-90278/unit-3/home/6688061,CRMLS,SB18248726,N,Y,33.876336,-118.3781799
PAST SALE,October-11-2019,Townhouse,1920 Voorhees Ave #1,Redondo Beach,CA,90278,1005000,3,3.0,151 - N Redondo Bch/Villas North,1629,14992,1985,118,617,290,Sold,,,http://www.redfin.com/CA/Redondo-Beach/1920-Voorhees-Ave-90278/unit-1/home/6688058,CRMLS,SB19186018,N,Y,33.876336,-118.3781799
PAST SALE,April-23-2018,Townhouse,505 S Broadway Unit C,Redondo Beach,CA,90277,1480000,3,4.0,157 - S Redondo Bch W of PCH,2610,8668,2007,654,567,150,Sold,,,http://www.redfin.com/CA/Redondo-Beach/505-S-Broadway-90277/unit-C/home/12355237,CRMLS,SB18036915,N,Y,33.8346691,-118.3870683
PAST SALE,February-13-2018,Townhouse,601 Green Ln,Redondo Beach,CA,90278,1040000,3,3.0,152 - N Redondo Bch/Villas South,2176,6631,1991,723,478,,Sold,,,http://www.redfin.com/CA/Redondo-Beach/601-Green-Ln-90278/home/6698597,CRMLS,SB17272451,N,Y,33.8599969,-118.3770859
PAST SALE,April-22-2019,Townhouse,1914 Plant Ave Unit B,Redondo Beach,CA,90278,900000,3,2.5,152 - N Redondo Bch/Villas South,1748,6653,1985,290,515,,Sold,,,http://www.redfin.com/CA/Redondo-Beach/1914-Plant-Ave-90278/unit-B/home/6679634,CRMLS,SB19044418,N,Y,33.8806436,-118.3774453
PAST SALE,February-13-2019,Townhouse,445 Camino De Las Colinas,Redondo Beach,CA,90277,1050000,3,2.5,128 - Hollywood Riviera,1566,102581,1978,358,670,471,Sold,,,http://www.redfin.com/CA/Redondo-Beach/445-Camino-de-las-Colinas-90277/home/7707752,CRMLS,SB19008480,N,Y,33.809782,-118.38653
PAST SALE,March-28-2019,Townhouse,1920 S Pacific Coast Hwy #120,Redondo Beach,CA,90277,1162000,3,2.5,156 - S Redondo Bch S of Torrance Bl,1984,65121,2018,315,586,451,Sold,,,http://www.redfin.com/CA/Redondo-Beach/1920-S-Pacific-Coast-Hwy-90277/unit-120/home/147609243,CRMLS,OC18244770,N,Y,33.8165214,-118.3760425
PAST SALE,June-12-2018,Townhouse,205 S Francisca Ave #2,Redondo Beach,CA,90277,960000,3,2.5,155 - S Redondo Bch N of Torrance Bl,1693,11989,1980,604,567,350,Sold,,,http://www.redfin.com/CA/Redondo-Beach/205-S-Francisca-Ave-90277/unit-2/home/7702361,CRMLS,SB18102796,N,Y,33.8398098,-118.3846821
PAST SALE,July-17-2018,Townhouse,812 N Irena Ave Unit B,Redondo Beach,CA,90277,1195000,3,2.5,155 - S Redondo Bch N of Torrance Bl,2176,10986,2008,569,549,150,Sold,,,http://www.redfin.com/CA/Redondo-Beach/812-N-Irena-Ave-90277/unit-B/home/21918846,CRMLS,SB18133597,N,Y,33.852412,-118.388997
PAST SALE,April-23-2018,Townhouse,5308 W 190th St,Torrance,CA,90503,735000,3,2.25,131 - West Torrance,1831,927,1976,654,401,475,Sold,,,http://www.redfin.com/CA/Torrance/5308-W-190th-St-90503/home/7714057,CRMLS,SB18074851,N,Y,33.857453,-118.369097
PAST SALE,June-7-2018,Townhouse,5312 W 190th St,Torrance,CA,90503,770000,3,2.5,131 - West Torrance,1831,927,1976,609,421,475,Sold,,,http://www.redfin.com/CA/Torrance/5312-W-190th-St-90503/home/7714051,CRMLS,SB18099190,N,Y,33.857632,-118.369366
PAST SALE,June-26-2019,Townhouse,5226 W 190th St,Torrance,CA,90503,810000,3,2.25,Not Applicable,1831,927,1976,225,442,475,Sold,,,http://www.redfin.com/CA/Torrance/5226-W-190th-St-90503/home/7714081,GPSMLS,219010043,N,Y,33.857846,-118.368438
PAST SALE,April-3-2018,Townhouse,1815 Pullman Ln Unit A,Redondo Beach,CA,90278,950000,3,2.5,152 - N Redondo Bch/Villas South,1378,7505,1986,674,689,,Sold,,,http://www.redfin.com/CA/Redondo-Beach/1815-Pullman-Ln-90278/unit-A/home/6700026,CRMLS,SB18032046,N,Y,33.8644599,-118.3798639
PAST SALE,March-16-2018,Townhouse,1902 Graham Ave Unit A,Redondo Beach,CA,90278,769000,3,2.5,151 - N Redondo Bch/Villas North,1480,9844,1984,692,520,200,Sold,,,http://www.redfin.com/CA/Redondo-Beach/1902-Graham-Ave-90278/unit-A/home/6686192,CRMLS,SB18008747,N,Y,33.879205,-118.379731
PAST SALE,August-29-2018,Townhouse,540 1st St #7,Hermosa Beach,CA,90254,1200000,3,3.0,149 - Hermosa Bch Valley,1509,23732,1991,526,795,400,Sold,,,http://www.redfin.com/CA/Hermosa-Beach/540-1st-St-90254/unit-7/home/6718388,CRMLS,SB18149774,N,Y,33.8543113,-118.3926937
PAST SALE,June-5-2018,Townhouse,2507 Huntington Lane Ln Unit B,Redondo Beach,CA,90278,1075000,3,2.5,152 - N Redondo Bch/Villas South,2250,7590,1987,611,478,,Sold,,,http://www.redfin.com/CA/Redondo-Beach/2507-Huntington-Ln-90278/unit-B/home/6694083,CRMLS,SB18089282,N,Y,33.868277,-118.3657123
PAST SALE,April-26-2019,Townhouse,18513 Burin Ave,Redondo Beach,CA,90278,849900,3,2.5,153 - N Redondo Bch/El Nido,1575,,2019,286,540,215,Sold,,,http://www.redfin.com/CA/Redondo-Beach/18513-Burin-Ave-90278/home/147713139,CRMLS,SB18254772,N,Y,33.8624804,-118.3536913
PAST SALE,May-17-2019,Townhouse,18511 Burin Ave,Redondo Beach,CA,90278,852963,3,2.5,153 - N Redondo Bch/El Nido,1575,,2019,265,542,230,Sold,,,http://www.redfin.com/CA/Redondo-Beach/18309-Grevillea-Ave-90278/home/166735482,CRMLS,SB19115886,N,Y,33.862585,-118.353706
PAST SALE,April-26-2019,Townhouse,18517 Burin Ave,Redondo Beach,CA,90278,839900,3,2.5,153 - N Redondo Bch/El Nido,1575,,2019,286,533,230,Sold,,,http://www.redfin.com/CA/Redondo-Beach/18517-Burin-Ave-90278/home/164403244,CRMLS,SB19097877,N,Y,33.862475,-118.353706
PAST SALE,July-1-2019,Townhouse,18508 Grevillea Ave,Redondo Beach,CA,90278,879900,3,2.5,153 - N Redondo Bch/El Nido,1575,,2019,220,559,170,Sold,,,http://www.redfin.com/CA/Redondo-Beach/18508-Grevillea-Ave-90278/home/167079826,CRMLS,SB19137501,N,Y,33.8625628,-118.3541094
PAST SALE,November-14-2019,Townhouse,2120 Rockefeller Ln Unit A,Redondo Beach,CA,90278,890000,3,3.0,152 - N Redondo Bch/Villas South,1923,7486,1988,84,463,225,Sold,,,http://www.redfin.com/CA/Redondo-Beach/2120-Rockefeller-Ln-90278/unit-A/home/6691019,CRMLS,SB19238067,N,Y,33.8697263,-118.3730622
PAST SALE,December-6-2019,Townhouse,1505 Rindge Ln #3,Redondo Beach,CA,90278,945000,3,2.5,152 - N Redondo Bch/Villas South,1900,7494,2003,62,497,100,Sold,,,http://www.redfin.com/CA/Redondo-Beach/1505-Rindge-Ln-90278/unit-3/home/8135546,CRMLS,SB19188272,N,Y,33.8685724,-118.372871
PAST SALE,October-2-2018,Townhouse,1112 Vincent St Unit B,Redondo Beach,CA,90277,1180000,3,2.5,155 - S Redondo Bch N of Torrance Bl,2468,6301,1989,492,478,,Sold,,,http://www.redfin.com/CA/Redondo-Beach/1112-Vincent-St-90277/unit-B/home/7701677,CRMLS,SB18191775,N,Y,33.8461941,-118.3784476
PAST SALE,May-31-2019,Townhouse,2223 Clark Ln #3,Redondo Beach,CA,90278,769000,3,2.0,152 - N Redondo Bch/Villas South,1765,7510,1975,251,436,350,Sold,,,http://www.redfin.com/CA/Redondo-Beach/2223-Clark-Ln-90278/unit-3/home/6695405,CRMLS,PV19081690,N,Y,33.8664307,-118.3707556
PAST SALE,March-11-2019,Townhouse,2408 Rockefeller Ln #1,Redondo Beach,CA,90278,925000,3,2.5,152 - N Redondo Bch/Villas South,1647,7499,1981,332,562,250,Sold,,,http://www.redfin.com/CA/Redondo-Beach/2408-Rockefeller-Ln-90278/unit-1/home/6693779,CRMLS,SB19003633,N,Y,33.8697608,-118.3676995
PAST SALE,June-29-2018,Townhouse,2011 Havemeyer Ln Unit A,Redondo Beach,CA,90278,1050000,3,2.5,152 - N Redondo Bch/Villas South,1936,7502,1986,587,542,,Sold,,,http://www.redfin.com/CA/Redondo-Beach/2011-Havemeyer-Ln-90278/unit-A/home/145774369,CRMLS,SB18093275,N,Y,33.8606732,-118.3759345
PAST SALE,December-14-2018,Townhouse,2018 Marshallfield Ln Unit B,Redondo Beach,CA,90278,915000,3,2.5,152 - N Redondo Bch/Villas South,1932,7500,1984,419,474,175,Sold,,,http://www.redfin.com/CA/Redondo-Beach/2018-Marshallfield-Ln-90278/unit-B/home/6697669,CRMLS,SB18199490,N,Y,33.8650319,-118.3753141
PAST SALE,,Townhouse,2107 Grant Ave #3,Redondo Beach,CA,90278,820000,3,1.75,,1412,7503,1983,,581,,,,,http://www.redfin.com/CA/Redondo-Beach/2107-Grant-Ave-90278/unit-3/home/6691009,,,N,Y,33.8691935,-118.3741915
PAST SALE,June-10-2019,Townhouse,2014 Grant Ave Unit A,Redondo Beach,CA,90278,850200,3,2.5,152 - N Redondo Bch/Villas South,1893,9004,1996,241,449,150,Sold,,,http://www.redfin.com/CA/Redondo-Beach/2014-Grant-Ave-90278/unit-A/home/6691197,CRMLS,SB19085077,N,Y,33.8686838,-118.3756283
PAST SALE,August-29-2018,Townhouse,2404 A Huntington Ln,Redondo Beach,CA,90278,911000,3,2.5,152 - N Redondo Bch/Villas South,2000,7499,1984,526,456,,Sold,,,http://www.redfin.com/CA/Redondo-Beach/2404a-Huntington-Ln-90278/home/146226612,CRMLS,SB18166287,N,Y,33.8678556,-118.3680406
PAST SALE,,Condo/Co-op,2404 Huntington Ln Unit A,Redondo Beach,CA,90278,911000,3,3.0,,1979,,1984,,460,,,,,http://www.redfin.com/CA/Redondo-Beach/2404-Huntington-Ln-90278/unit-A/home/6694769,,,N,Y,33.8677769,-118.368012
PAST SALE,March-27-2018,Townhouse,2515 Grant Ave #2,Redondo Beach,CA,90278,740000,3,1.75,152 - N Redondo Bch/Villas South,1410,7507,1980,681,525,200,Sold,,,http://www.redfin.com/CA/Redondo-Beach/2515-Grant-Ave-90278/unit-2/home/6693895,CRMLS,SB18007934,N,Y,33.8693528,-118.3650961
PAST SALE,July-16-2019,Townhouse,2501 Grant Ave Unit B,Redondo Beach,CA,90278,795000,3,2.5,152 - N Redondo Bch/Villas South,1924,14924,1984,205,413,330,Sold,,,http://www.redfin.com/CA/Redondo-Beach/2501-Grant-Ave-90278/unit-B/home/6693907,CRMLS,SB19107717,N,Y,33.869346,-118.366155
PAST SALE,,Condo/Co-op,2009 Speyer Ln Unit B,Redondo Beach,CA,90278,1025000,3,3.0,,1970,,1984,,520,,,,,http://www.redfin.com/CA/Redondo-Beach/2009-Speyer-Ln-90278/unit-B/home/6698135,,,N,Y,33.8625504,-118.3761207
PAST SALE,October-15-2018,Townhouse,2301 Marshallfield Ln Unit B,Redondo Beach,CA,90278,890000,3,2.5,152 - N Redondo Bch/Villas South,1921,7513,1984,479,463,,Sold,,,http://www.redfin.com/CA/Redondo-Beach/2301-Marshallfield-Ln-90278/unit-B/home/6695699,CRMLS,SB18224304,N,Y,33.865492,-118.370446
PAST SALE,June-4-2019,Townhouse,2307 Pullman Ln Unit A,Redondo Beach,CA,90278,1075000,3,2.5,152 - N Redondo Bch/Villas South,2300,7507,1989,247,467,,Sold,,,http://www.redfin.com/CA/Redondo-Beach/2307-Pullman-Ln-90278/unit-A/home/6696032,CRMLS,SB19080396,N,Y,33.864559,-118.369949
PAST SALE,August-22-2019,Townhouse,2304 Clark Ln Unit B,Redondo Beach,CA,90278,1005000,3,2.5,152 - N Redondo Bch/Villas South,2012,7491,1987,168,500,115,Sold,,,http://www.redfin.com/CA/Redondo-Beach/2304-Clark-Ln-90278/unit-B/home/6695724,CRMLS,SB19167104,N,Y,33.8659692,-118.3701119
PAST SALE,September-6-2018,Townhouse,718 S Catalina Ave #4,Redondo Beach,CA,90277,1243000,3,2.5,157 - S Redondo Bch W of PCH,2200,18872,1979,518,565,250,Sold,,,http://www.redfin.com/CA/Redondo-Beach/718-S-Catalina-Ave-90277/unit-4/home/7704737,CRMLS,SB18166112,N,Y,33.830255,-118.3885092
PAST SALE,October-26-2018,Townhouse,302 S Catalina Ave #9,Redondo Beach,CA,90277,1299000,3,2.5,157 - S Redondo Bch W of PCH,2542,26292,1992,468,511,582,Sold,,,http://www.redfin.com/CA/Redondo-Beach/302-S-Catalina-Ave-90277/unit-9/home/7702436,CRMLS,SB18216709,N,Y,33.8379674,-118.3874213
PAST SALE,May-16-2018,Townhouse,1506 Slauson Ln,Redondo Beach,CA,90278,875000,3,3.0,152 - N Redondo Bch/Villas South,1643,7496,1987,631,533,300,Sold,,,http://www.redfin.com/CA/Redondo-Beach/1506-Slauson-Ln-90278/home/6694310,CRMLS,SB18081986,N,Y,33.8685644,-118.3705058
PAST SALE,January-15-2020,Townhouse,2206 Carnegie Ln Unit C,Redondo Beach,CA,90278,950000,3,2.5,152 - N Redondo Bch/Villas South,1518,7481,1980,22,626,150,Sold,,,http://www.redfin.com/CA/Redondo-Beach/2206-Carnegie-Ln-90278/unit-C/home/6693612,CRMLS,SB19278856,N,Y,33.8708074,-118.3721035
PAST SALE,March-14-2019,Townhouse,2419 Vanderbilt Ln #1,Redondo Beach,CA,90278,790000,3,2.5,152 - N Redondo Bch/Villas South,1656,14970,1980,329,477,225,Sold,,,http://www.redfin.com/CA/Redondo-Beach/2419-Vanderbilt-Ln-90278/unit-1/home/6692222,CRMLS,SB19003220,N,Y,33.8721531,-118.3667993
PAST SALE,July-17-2018,Townhouse,2409 Vanderbilt Ln #6,Redondo Beach,CA,90278,850000,3,2.5,152 - N Redondo Bch/Villas South,1780,14810,1985,569,478,200,Sold,,,http://www.redfin.com/CA/Redondo-Beach/2409-Vanderbilt-Ln-90278/unit-6/home/6692261,CRMLS,SB18125768,N,Y,33.8721512,-118.3677869
PAST SALE,July-25-2019,Townhouse,2421 Vanderbilt Ln #7,Redondo Beach,CA,90278,805000,3,2.5,152 - N Redondo Bch/Villas South,1538,14970,1980,196,523,250,Sold,,,http://www.redfin.com/CA/Redondo-Beach/2421-Vanderbilt-Ln-90278/unit-7/home/6692241,CRMLS,SB19137556,N,Y,33.8721531,-118.3667993
PAST SALE,November-20-2018,Townhouse,2115 Robinson St Unit B,Redondo Beach,CA,90278,1251000,3,2.5,151 - N Redondo Bch/Villas North,2034,6628,2018,443,615,163,Sold,,,http://www.redfin.com/CA/Redondo-Beach/2115-Robinson-St-90278/unit-B/home/147610809,CRMLS,IN18250092,N,Y,33.8802281,-118.3735774
PAST SALE,December-18-2018,Townhouse,2115 Robinson St Unit A,Redondo Beach,CA,90278,1219000,3,2.5,151 - N Redondo Bch/Villas North,1963,6628,2018,415,621,163,Sold,,,http://www.redfin.com/CA/Redondo-Beach/2115-Robinson-St-90278/unit-A/home/147556285,CRMLS,IN18246966,N,Y,33.8802281,-118.3735774
PAST SALE,June-25-2018,Townhouse,2115 Farrell Ave Unit C,Redondo Beach,CA,90278,819000,3,2.5,151 - N Redondo Bch/Villas North,1666,30002,1979,591,492,250,Sold,,,http://www.redfin.com/CA/Redondo-Beach/2115-Farrell-Ave-90278/unit-C/home/6678685,CRMLS,SB18089147,N,Y,33.8838881,-118.3737926
PAST SALE,August-2-2018,Townhouse,2115 Farrell Ave Unit D,Redondo Beach,CA,90278,870000,3,2.25,151 - N Redondo Bch/Villas North,1666,30002,1979,553,522,250,Sold,,,http://www.redfin.com/CA/Redondo-Beach/2115-Farrell-Ave-90278/unit-D/home/6678688,CRMLS,SB18148131,N,Y,33.8838881,-118.3737926
PAST SALE,,Condo/Co-op,2113 Voorhees Ave Unit C,Redondo Beach,CA,90278,865000,3,3.0,,1512,,1979,,572,,,,,http://www.redfin.com/CA/Redondo-Beach/2113-Voorhees-Ave-90278/unit-C/home/6687522,,,N,Y,33.8767276,-118.3737469
PAST SALE,March-27-2018,Townhouse,502 N Juanita Ave Unit B,Redondo Beach,CA,90277,1340000,3,3.5,155 - S Redondo Bch N of Torrance Bl,2661,6106,2002,681,504,67,Sold,,,http://www.redfin.com/CA/Redondo-Beach/502-N-Juanita-Ave-90277/unit-B/home/23431033,CRMLS,SB18028945,N,Y,33.8491204,-118.3824584
PAST SALE,April-23-2019,Townhouse,2301 Mathews Unit D,Redondo Beach,CA,90278,895000,3,2.5,151 - N Redondo Bch/Villas North,1722,9146,1986,289,520,190,Sold,,,http://www.redfin.com/CA/Redondo-Beach/2301-Mathews-Ave-90278/unit-D/home/6682594,CRMLS,SB19039089,N,Y,33.8740081,-118.3697981
PAST SALE,June-5-2019,Townhouse,2223 Mathews Ave Unit A,Redondo Beach,CA,90278,849000,3,3.0,151 - N Redondo Bch/Villas North,1719,14687,2000,246,494,245,Sold,,,http://www.redfin.com/CA/Redondo-Beach/2223-Mathews-Ave-90278/unit-A/home/6688668,CRMLS,SB19080062,N,Y,33.8740634,-118.3707796
PAST SALE,March-26-2019,Townhouse,2211 Mathews Ave Unit A,Redondo Beach,CA,90278,920000,3,2.5,151 - N Redondo Bch/Villas North,1851,7498,2007,317,497,50,Sold,,,http://www.redfin.com/CA/Redondo-Beach/2211-Mathews-Ave-90278/unit-A/home/21915646,CRMLS,PV18184531,N,Y,33.8740642,-118.3717383
PAST SALE,January-15-2019,Townhouse,2218 Mathews Ave #5,Redondo Beach,CA,90278,735000,3,3.0,151 - N Redondo Bch/Villas North,1500,14980,1985,387,490,280,Sold,,,http://www.redfin.com/CA/Redondo-Beach/2218-Mathews-Ave-90278/unit-5/home/6689629,CRMLS,SB18269215,N,Y,33.8735457,-118.3710211
PAST SALE,September-24-2019,Townhouse,2210 Mathews Ave Unit A,Redondo Beach,CA,90278,915000,3,2.5,151 - N Redondo Bch/Villas North,1801,7491,2004,135,508,175,Sold,,,http://www.redfin.com/CA/Redondo-Beach/2210-Mathews-Ave-90278/unit-A/home/8142700,CRMLS,SB19170590,N,Y,33.873528,-118.3717468
PAST SALE,September-25-2018,Townhouse,118 S Irena Ave Unit A,Redondo Beach,CA,90277,1490000,3,2.5,155 - S Redondo Bch N of Torrance Bl,2119,6010,2018,499,703,150,Sold,,,http://www.redfin.com/CA/Redondo-Beach/118-S-Irena-Ave-90277/unit-A/home/146044102,CRMLS,SB18141558,N,Y,33.8412444,-118.3799096
PAST SALE,September-7-2018,Townhouse,208 N Juanita Ave #1,Redondo Beach,CA,90277,1020000,3,3.0,155 - S Redondo Bch N of Torrance Bl,1856,12025,1983,517,550,200,Sold,,,http://www.redfin.com/CA/Redondo-Beach/208-N-Juanita-Ave-90277/unit-1/home/7701643,CRMLS,SB18196723,N,Y,33.843864,-118.3792763
PAST SALE,August-20-2018,Townhouse,213 N Lucia Ave Unit B,Redondo Beach,CA,90277,1185000,3,2.5,155 - S Redondo Bch N of Torrance Bl,2503,6018,1991,535,473,,Sold,,,http://www.redfin.com/CA/Redondo-Beach/213-N-Lucia-Ave-90277/unit-B/home/7701662,CRMLS,PV18107428,N,Y,33.8450382,-118.3792237
PAST SALE,April-26-2018,Townhouse,1818 Morgan Ln Unit A,Redondo Beach,CA,90278,1125000,3,2.5,152 - N Redondo Bch/Villas South,2711,7519,1990,651,415,,Sold,,,http://www.redfin.com/CA/Redondo-Beach/1818-Morgan-Ln-90278/unit-A/home/6699078,CRMLS,SB18059811,N,Y,33.8613054,-118.3794987
PAST SALE,May-3-2018,Townhouse,161 1st Ct,Hermosa Beach,CA,90254,1680000,3,3.0,148 - Hermosa Bch Sand,1520,2758,2007,644,1105,,Sold,,,http://www.redfin.com/CA/Hermosa-Beach/161-1st-Ct-90254/home/21918350,CRMLS,SB18066739,N,Y,33.853714,-118.3965968
PAST SALE,April-27-2018,Townhouse,1916 Rockefeller Ln #4,Redondo Beach,CA,90278,880000,3,2.5,152 - N Redondo Bch/Villas South,2000,14987,1985,650,440,300,Sold,,,http://www.redfin.com/CA/Redondo-Beach/1916-Rockefeller-Ln-90278/unit-4/home/6690869,CRMLS,SB18073462,N,Y,33.8697449,-118.3774975
PAST SALE,February-20-2019,Townhouse,705 S Broadway Unit C,Redondo Beach,CA,90277,1025000,3,2.5,157 - S Redondo Bch W of PCH,2229,6940,1980,351,460,300,Sold,,,http://www.redfin.com/CA/Redondo-Beach/705-S-Broadway-90277/unit-C/home/7704738,CRMLS,SB18239724,N,Y,33.8308471,-118.3878202
PAST SALE,August-13-2019,Townhouse,727 S Broadway Unit E,Redondo Beach,CA,90277,1035000,3,2.5,157 - S Redondo Bch W of PCH,1623,21243,1988,177,638,375,Sold,,,http://www.redfin.com/CA/Redondo-Beach/727-S-Broadway-90277/unit-E/home/7704745,CRMLS,SB19120172,N,Y,33.8292994,-118.3883315
PAST SALE,August-20-2019,Townhouse,726 S Elvira Ave Unit B,Redondo Beach,CA,90277,1400000,3,2.5,157 - S Redondo Bch W of PCH,1903,6995,1988,170,736,,Sold,,,http://www.redfin.com/CA/Redondo-Beach/726-S-Elvira-Ave-90277/unit-B/home/7705005,CRMLS,SB19129651,N,Y,33.829045,-118.386379
PAST SALE,November-26-2019,Townhouse,540 1st St #6,Hermosa Beach,CA,90254,1200000,3,2.75,149 - Hermosa Bch Valley,1509,23732,1991,72,795,400,Sold,,,http://www.redfin.com/CA/Hermosa-Beach/540-1st-St-90254/unit-6/home/6718387,CRMLS,SB19125949,N,Y,33.8543113,-118.3926937
PAST SALE,May-16-2018,Townhouse,537 1/2 Avenue A,Redondo Beach,CA,90277,981000,3,3.0,156 - S Redondo Bch S of Torrance Bl,1522,5726,1975,631,645,200,Sold,,,http://www.redfin.com/CA/Redondo-Beach/121-Avenue-A-90277/home/7705757,CRMLS,SB18082330,N,Y,33.82794,-118.384351
PAST SALE,July-18-2018,Townhouse,1206 S Catalina Ave Unit A,Redondo Beach,CA,90277,1445000,3,2.5,157 - S Redondo Bch W of PCH,1935,7514,1999,568,747,75,Sold,,,http://www.redfin.com/CA/Redondo-Beach/1206-S-Catalina-Ave-90277/unit-A/home/8094286,CRMLS,SB18140289,N,Y,33.8239573,-118.3880566
PAST SALE,May-2-2018,Townhouse,1813 A Pullman Ln Unit A,Redondo Beach,CA,90278,1145103,3,3.0,152 - N Redondo Bch/Villas South,2100,7495,1988,645,545,25,Sold,,,http://www.redfin.com/CA/Redondo-Beach/1813A-Pullman-Ln-90278/unit-A/home/145181075,CRMLS,PV18064230,N,Y,33.8644724,-118.3800051
PAST SALE,April-22-2019,Townhouse,1804 Marshallfield Ln Unit A,Redondo Beach,CA,90278,905000,3,2.5,152 - N Redondo Bch/Villas South,1975,,1981,290,458,,Sold,,,http://www.redfin.com/CA/Redondo-Beach/1804-Marshallfield-Ln-90278/unit-A/home/8090626,CRMLS,DW19047039,N,Y,33.8650159,-118.3806856
PAST SALE,May-3-2019,Townhouse,1813 Pullman Ln Unit B,Redondo Beach,CA,90278,1201000,3,2.5,152 - N Redondo Bch/Villas South,2138,7495,1988,279,562,25,Sold,,,http://www.redfin.com/CA/Redondo-Beach/1813-Pullman-Ln-90278/unit-B/home/6700029,CRMLS,SB19092944,N,Y,33.864543,-118.379993
PAST SALE,September-11-2019,Townhouse,225 N Lucia Ave Unit A,Redondo Beach,CA,90277,1308000,3,3.5,155 - S Redondo Bch N of Torrance Bl,2221,6016,1992,148,589,,Sold,,,http://www.redfin.com/CA/Redondo-Beach/225-N-Lucia-Ave-90277/unit-A/home/7701663,CRMLS,PV19172979,N,Y,33.8456121,-118.379578
PAST SALE,March-22-2019,Townhouse,704 S Pacific Coast Hwy Unit D,Redondo Beach,CA,90277,875000,3,2.5,156 - S Redondo Bch S of Torrance Bl,1800,16398,2007,321,486,300,Sold,,,http://www.redfin.com/CA/Redondo-Beach/704-S-Pacific-Coast-Hwy-90277/unit-D/home/17225431,CRMLS,SB18201365,N,Y,33.8304469,-118.3846939
PAST SALE,June-7-2019,Townhouse,620 Beryl St #9,Redondo Beach,CA,90277,919000,3,2.25,155 - S Redondo Bch N of Torrance Bl,1621,38356,1981,244,567,450,Sold,,,http://www.redfin.com/CA/Redondo-Beach/620-Beryl-St-90277/unit-9/home/7700737,CRMLS,SB19063023,N,Y,33.850162,-118.386517
PAST SALE,August-6-2018,Townhouse,407 Anita St Unit D,Redondo Beach,CA,90278,1150000,3,3.0,155 - S Redondo Bch N of Torrance Bl,2800,10891,1990,549,411,300,Sold,,,http://www.redfin.com/CA/Redondo-Beach/407-Anita-St-90278/unit-D/home/6716842,CRMLS,SB18113069,N,Y,33.8552775,-118.3882028
PAST SALE,November-7-2019,Townhouse,1708 Ruxton Ln Unit B,Redondo Beach,CA,90278,805000,3,2.5,152 - N Redondo Bch/Villas South,1780,,2007,91,452,212,Sold,,,http://www.redfin.com/CA/Redondo-Beach/1708-Ruxton-Ln-90278/unit-B/home/17232106,CRMLS,RS19130426,N,Y,33.870258,-118.359464
PAST SALE,November-28-2018,Townhouse,937 1st St Unit A,Hermosa Beach,CA,90254,1190000,3,2.5,150 - Hermosa Bch East,1814,6748,1998,435,656,160,Sold,,,http://www.redfin.com/CA/Hermosa-Beach/937-1st-St-90254/unit-A/home/6716674,CRMLS,SB18167456,N,Y,33.8561459,-118.3885556
PAST SALE,June-28-2019,Townhouse,1709 Marshallfield Ln Unit A,Redondo Beach,CA,90278,800000,3,2.25,152 - N Redondo Bch/Villas South,1684,7501,1974,223,475,216,Sold,,,http://www.redfin.com/CA/Redondo-Beach/1709-Marshallfield-Ln-90278/unit-A/home/6700216,CRMLS,SB19074317,N,Y,33.8654173,-118.3821474
PAST SALE,February-21-2018,Townhouse,501 Herondo St #35,Hermosa Beach,CA,90254,1029000,3,2.5,148 - Hermosa Bch Sand,1446,92623,1987,715,712,440,Sold,,,http://www.redfin.com/CA/Hermosa-Beach/501-Herondo-St-90254/unit-35/home/6718077,CRMLS,SB18003638,N,Y,33.8547204,-118.3933371
PAST SALE,April-16-2019,Townhouse,647 1st Pl,Hermosa Beach,CA,90254,1335000,3,2.5,149 - Hermosa Bch Valley,2160,4613,1988,296,618,,Sold,,,http://www.redfin.com/CA/Hermosa-Beach/647-1st-Pl-90254/home/6718294,CRMLS,SB19033605,N,Y,33.85574,-118.391822
PAST SALE,March-29-2019,Townhouse,1116 Ford Ave Unit A,Redondo Beach,CA,90278,1120000,3,2.5,154 - N Redondo Bch/Golden Hills,1844,8261,2008,314,607,,Sold,,,http://www.redfin.com/CA/Redondo-Beach/1116-Ford-Ave-90278/unit-A/home/21699555,CRMLS,PV19010013,N,Y,33.8646473,-118.3822328
PAST SALE,December-24-2018,Townhouse,2300 Carnegie Ln #9,Redondo Beach,CA,90278,819000,3,2.5,151 - N Redondo Bch/Villas North,1371,22495,1980,409,597,200,Sold,,,http://www.redfin.com/CA/Redondo-Beach/2300-Carnegie-Ln-90278/unit-9/home/6693494,CRMLS,SB18281949,N,Y,33.8706899,-118.3703031
PAST SALE,October-25-2019,Townhouse,2604 Carnegie Ln Unit C,Redondo Beach,CA,90278,940000,3,2.5,152 - N Redondo Bch/Villas South,1820,7512,2006,104,516,120,Sold,,,http://www.redfin.com/CA/Redondo-Beach/2604-Carnegie-Ln-90278/unit-C/home/8148949,CRMLS,SB19239735,N,Y,33.8706681,-118.3638406
PAST SALE,March-30-2019,Townhouse,1920 S Pacific Coast Hwy #106,Redondo Beach,CA,90277,998000,3,3.5,156 - S Redondo Bch S of Torrance Bl,1749,65121,2018,313,571,440,Sold,,,http://www.redfin.com/CA/Redondo-Beach/1920-S-Pacific-Coast-Hwy-90277/unit-106/home/148158344,CRMLS,OC19049097,N,Y,33.8165214,-118.3760425
PAST SALE,May-7-2019,Townhouse,1920 S Pacific Coast Hwy #116,Redondo Beach,CA,90277,1098000,3,3.0,156 - S Redondo Bch S of Torrance Bl,1984,65121,2018,275,553,450,Sold,,,http://www.redfin.com/CA/Redondo-Beach/1920-S-Pacific-Coast-Hwy-90277/unit-116/home/160494756,CRMLS,OC19037276,N,Y,33.8165214,-118.3760425
PAST SALE,May-8-2019,Townhouse,1920 S Pacific Coast Hwy #107,Redondo Beach,CA,90277,998000,3,3.5,156 - S Redondo Bch S of Torrance Bl,1749,65121,2018,274,571,440,Sold,,,http://www.redfin.com/CA/Redondo-Beach/1920-S-Pacific-Coast-Hwy-90277/unit-107/home/160494722,CRMLS,OC19037264,N,Y,33.8165214,-118.3760425
PAST SALE,May-29-2019,Townhouse,1920 S Pacific Coast Hwy #112,Redondo Beach,CA,90277,1148888,3,3.5,156 - S Redondo Bch S of Torrance Bl,1749,65121,2018,253,657,440,Sold,,,http://www.redfin.com/CA/Redondo-Beach/1920-S-Pacific-Coast-Hwy-90277/unit-112/home/160494861,CRMLS,OC19037322,N,Y,33.8165214,-118.3760425
PAST SALE,January-17-2019,Townhouse,1908 Speyer Ln Unit B,Redondo Beach,CA,90278,910000,3,2.5,152 - N Redondo Bch/Villas South,1915,7507,1979,385,475,75,Sold,,,http://www.redfin.com/CA/Redondo-Beach/1908-Speyer-Ln-90278/unit-B/home/6698286,CRMLS,SB18265930,N,Y,33.8621344,-118.3782662
PAST SALE,,Condo/Co-op,2011 Plant Ave Unit B,Redondo Beach,CA,90278,990000,3,3.0,,2494,,1988,,397,,,,,http://www.redfin.com/CA/Redondo-Beach/2011-Plant-Ave-90278/unit-B/home/6679553,,,N,Y,33.8811125,-118.3760009
PAST SALE,April-26-2019,Townhouse,2016 Graham Ave #2,Redondo Beach,CA,90278,1126000,3,2.25,151 - N Redondo Bch/Villas North,2373,7506,1985,286,475,151,Sold,,,http://www.redfin.com/CA/Redondo-Beach/2016-Graham-Ave-90278/unit-2/home/6686323,CRMLS,SB19054831,N,Y,33.8791421,-118.3755045
PAST SALE,June-5-2019,Townhouse,2020 Mathews Ave Unit B,Redondo Beach,CA,90278,935000,3,2.5,151 - N Redondo Bch/Villas North,1615,7505,1986,246,579,,Sold,,,http://www.redfin.com/CA/Redondo-Beach/2020-Mathews-Ave-90278/unit-B/home/6689480,CRMLS,SB19050512,N,Y,33.8736092,-118.3751621
PAST SALE,July-24-2019,Townhouse,2004 Manhattan Beach Blvd Unit B,Redondo Beach,CA,90278,915000,3,3.5,151 - N Redondo Bch/Villas North,1942,5648,1988,197,471,,Sold,,,http://www.redfin.com/CA/Redondo-Beach/2004-Manhattan-Beach-Blvd-90278/unit-B/home/6677805,CRMLS,SB19138575,N,Y,33.8869964,-118.3764935
PAST SALE,July-25-2019,Townhouse,2100 Bataan Rd Unit B,Redondo Beach,CA,90278,1003000,3,2.5,151 - N Redondo Bch/Villas North,1802,7490,1982,196,557,125,Sold,,,http://www.redfin.com/CA/Redondo-Beach/2100-Bataan-Rd-90278/unit-B/home/6678711,CRMLS,SB19141243,N,Y,33.8844655,-118.374733
PAST SALE,February-22-2018,Townhouse,2014 Vanderbilt Ln #7,Redondo Beach,CA,90278,762000,3,2.5,152 - N Redondo Bch/Villas South,1522,15003,1986,714,501,300,Sold,,,http://www.redfin.com/CA/Redondo-Beach/2014-Vanderbilt-Ln-90278/unit-7/home/6690265,CRMLS,SB17264279,N,Y,33.8716156,-118.3757228
PAST SALE,October-31-2018,Townhouse,2104 Vanderbilt Ln Unit A,Redondo Beach,CA,90278,915000,3,3.0,152 - N Redondo Bch/Villas South,1831,7504,2003,463,500,100,Sold,,,http://www.redfin.com/CA/Redondo-Beach/2104-Vanderbilt-Ln-90278/unit-A/home/22724026,CRMLS,SB18228113,N,Y,33.8715993,-118.374386
PAST SALE,July-2-2018,Townhouse,224 N Irena Ave Unit B,Redondo Beach,CA,90277,1230000,3,2.5,155 - S Redondo Bch N of Torrance Bl,2086,5991,1989,584,590,,Sold,,,http://www.redfin.com/CA/Redondo-Beach/224-N-Irena-Ave-90277/unit-B/home/7701553,CRMLS,SB18079908,N,Y,33.8443959,-118.3809841
PAST SALE,April-6-2018,Townhouse,805 Emerald St,Redondo Beach,CA,90277,1204000,3,2.5,155 - S Redondo Bch N of Torrance Bl,2303,15084,1990,671,523,250,Sold,,,http://www.redfin.com/CA/Redondo-Beach/805-Emerald-St-90277/home/7701456,CRMLS,SB18038324,N,Y,33.8424798,-118.3813866
PAST SALE,June-5-2019,Townhouse,202 N Irena Ave Unit A,Redondo Beach,CA,90277,1165000,3,2.5,155 - S Redondo Bch N of Torrance Bl,2039,5967,2003,246,571,,Sold,,,http://www.redfin.com/CA/Redondo-Beach/202-N-Irena-Ave-90277/unit-A/home/8139640,CRMLS,SB19090695,N,Y,33.8432509,-118.3804514
PAST SALE,August-9-2019,Townhouse,109 N Irena Ave Unit A,Redondo Beach,CA,90277,975000,3,4.0,155 - S Redondo Bch N of Torrance Bl,1561,5561,1995,181,625,,Sold,,,http://www.redfin.com/CA/Redondo-Beach/109-N-Irena-Ave-90277/unit-A/home/7701458,CRMLS,SB19151397,N,Y,33.842942,-118.381003
PAST SALE,April-8-2019,Townhouse,1904 Havemeyer Ln Unit A,Redondo Beach,CA,90278,925000,3,2.5,152 - N Redondo Bch/Villas South,2196,7517,1987,304,421,,Sold,,,http://www.redfin.com/CA/Redondo-Beach/1904-Havemeyer-Ln-90278/unit-A/home/6698567,CRMLS,SB19002593,N,Y,33.8601825,-118.3785401
PAST SALE,July-17-2019,Townhouse,1920 S Pacific Coast Hwy #109,Redondo Beach,CA,90277,1065000,3,3.5,156 - S Redondo Bch S of Torrance Bl,1749,65121,2019,204,609,440,Sold,,,http://www.redfin.com/CA/Redondo-Beach/1920-S-Pacific-Coast-Hwy-90277/unit-109/home/167260707,CRMLS,OC19165186,N,Y,33.8159505,-118.3761559
PAST SALE,November-8-2019,Townhouse,530 Avenue C Unit B,Redondo Beach,CA,90277,1550000,3,3.0,156 - S Redondo Bch S of Torrance Bl,2400,,2019,90,646,280,Sold,,,http://www.redfin.com/CA/Redondo-Beach/530-Avenue-C-90277/unit-B/home/167692556,CRMLS,SB19169055,N,Y,33.825302,-118.384496
PAST SALE,April-27-2018,Townhouse,1800 Esplanade Unit E,Redondo Beach,CA,90277,2600000,3,2.5,157 - S Redondo Bch W of PCH,2425,10691,1999,650,1072,700,Sold,,,http://www.redfin.com/CA/Redondo-Beach/1800-Esplanade-90277/unit-E/home/136829312,CRMLS,SB18062659,N,Y,33.8159304,-118.3898694
PAST SALE,May-2-2018,Townhouse,1103 S Catalina Ave Unit A,Redondo Beach,CA,90277,1605000,3,3.0,157 - S Redondo Bch W of PCH,2220,7504,2006,645,723,200,Sold,,,http://www.redfin.com/CA/Redondo-Beach/1103-S-Catalina-Ave-90277/unit-A/home/12290185,CRMLS,SB18127390,N,Y,33.8252342,-118.3888793
PAST SALE,August-1-2019,Townhouse,1800 Esplanade #A,Redondo Beach,CA,90277,2100000,3,2.5,157 - S Redondo Bch W of PCH,1984,10691,1999,189,1058,429,Sold,,,http://www.redfin.com/CA/Redondo-Beach/1800-Esplanade-90277/unit-A/home/8104100,CRMLS,PV19139014,N,Y,33.81592,-118.3898731
PAST SALE,November-6-2018,Townhouse,1835 Rockefeller Ln Unit A,Redondo Beach,CA,90278,875000,3,2.5,152 - N Redondo Bch/Villas South,1599,7517,1989,457,547,167,Sold,,,http://www.redfin.com/CA/Redondo-Beach/1835-Rockefeller-Ln-90278/unit-A/home/6690724,CRMLS,SB18189951,N,Y,33.8702497,-118.3793846
PAST SALE,November-7-2019,Townhouse,406 Avenue G #18,Redondo Beach,CA,90277,799000,3,3.0,156 - S Redondo Bch S of Torrance Bl,1449,87692,1987,91,551,460,Sold,,,http://www.redfin.com/CA/Redondo-Beach/406-Avenue-G-90277/unit-18/home/7706900,CRMLS,SB19183181,N,Y,33.8192985,-118.3820009
PAST SALE,January-15-2019,Townhouse,730 S Catalina Ave Unit A,Redondo Beach,CA,90277,1190000,3,2.5,157 - S Redondo Bch W of PCH,1800,21243,1988,387,661,375,Sold,,,http://www.redfin.com/CA/Redondo-Beach/730-S-Catalina-Ave-90277/unit-A/home/7704754,CRMLS,SB18261385,N,Y,33.8293744,-118.3884917
PAST SALE,December-17-2018,Townhouse,716 S Broadway Unit C,Redondo Beach,CA,90277,1050000,3,2.5,157 - S Redondo Bch W of PCH,1901,7514,1982,416,552,400,Sold,,,http://www.redfin.com/CA/Redondo-Beach/716-S-Broadway-90277/unit-C/home/7704965,CRMLS,SB18254822,N,Y,33.8299244,-118.3873387
PAST SALE,December-13-2019,Townhouse,5500 Torrance Blvd Unit A303,Torrance,CA,90503,680000,3,2.0,131 - West Torrance,1343,139959,1990,55,506,465,Sold,,,http://www.redfin.com/CA/Torrance/5500-Torrance-Blvd-90503/unit-A303/home/7710362,CRMLS,SB19163482,N,Y,33.8379702,-118.3742688
PAST SALE,May-31-2019,Townhouse,1112 Vincent St Unit A,Redondo Beach,CA,90277,1160000,3,2.5,155 - S Redondo Bch N of Torrance Bl,2015,6301,1989,251,576,,Sold,,,http://www.redfin.com/CA/Redondo-Beach/1112-Vincent-St-90277/unit-A/home/7701676,CRMLS,SB19092691,N,Y,33.8461941,-118.3784476
PAST SALE,February-26-2019,Townhouse,2208 Bataan Rd #2,Redondo Beach,CA,90278,1070000,3,2.5,151 - N Redondo Bch/Villas North,2017,7505,1986,345,530,,Sold,,,http://www.redfin.com/CA/Redondo-Beach/2208-Bataan-Rd-90278/unit-2/home/6678791,CRMLS,SB19018998,N,Y,33.8844035,-118.3719566
PAST SALE,September-20-2018,Townhouse,2221 Nelson #B,Redondo Beach,CA,90278,995000,3,3.0,151 - N Redondo Bch/Villas North,2112,7489,1987,504,471,,Sold,,,http://www.redfin.com/CA/Redondo-Beach/2221-Nelson-Ave-90278/unit-A/home/6688566,CRMLS,PW18215127,N,Y,33.874886,-118.3709709
PAST SALE,December-31-2018,Townhouse,2317 Carnegie Ln Unit A,Redondo Beach,CA,90278,850000,3,2.5,152 - N Redondo Bch/Villas South,1723,8250,1979,402,493,125,Sold,,,http://www.redfin.com/CA/Redondo-Beach/2317-Carnegie-Ln-90278/unit-A/home/6692792,CRMLS,SB18263301,N,Y,33.8712699,-118.3691645
PAST SALE,March-12-2018,Townhouse,2113 Mathews Ave Unit A,Redondo Beach,CA,90278,920000,3,2.5,151 - N Redondo Bch/Villas North,1810,7494,2000,696,508,250,Sold,,,http://www.redfin.com/CA/Redondo-Beach/2113-Mathews-Ave-90278/unit-A/home/6688805,CRMLS,SB18024022,N,Y,33.8740544,-118.3737013
PAST SALE,February-21-2019,Townhouse,710 S Broadway Unit A,Redondo Beach,CA,90277,1255000,3,2.5,157 - S Redondo Bch W of PCH,1970,7495,1990,350,637,300,Sold,,,http://www.redfin.com/CA/Redondo-Beach/710-S-Broadway-90277/unit-A/home/7704989,CRMLS,PV18288968,N,Y,33.830319,-118.3874171
PAST SALE,May-8-2018,Townhouse,108 S Helberta Ave Unit A,Redondo Beach,CA,90277,1250000,3,3.0,155 - S Redondo Bch N of Torrance Bl,1970,5872,2006,639,635,,Sold,,,http://www.redfin.com/CA/Redondo-Beach/108-S-Helberta-Ave-90277/unit-A/home/17240573,CRMLS,SB18053700,N,Y,33.8416946,-118.3811992
PAST SALE,January-16-2019,Townhouse,121 S Helberta Ave Unit B,Redondo Beach,CA,90277,1183000,3,2.5,155 - S Redondo Bch N of Torrance Bl,2618,7124,1991,386,452,,Sold,,,http://www.redfin.com/CA/Redondo-Beach/121-S-Helberta-Ave-90277/unit-B/home/7702691,CRMLS,SB18224555,N,Y,33.8410304,-118.3816392
PAST SALE,July-10-2019,Townhouse,110 S Prospect Ave #6,Redondo Beach,CA,90277,900000,3,2.5,155 - S Redondo Bch N of Torrance Bl,1808,12893,1988,211,498,362,Sold,,,http://www.redfin.com/CA/Redondo-Beach/110-S-Prospect-Ave-90277/unit-6/home/7711983,CRMLS,SB19083947,N,Y,33.8418783,-118.3760364
PAST SALE,December-11-2019,Townhouse,101 N Broadway,Redondo Beach,CA,90277,1001489,3,2.5,157 - S Redondo Bch W of PCH,1656,28778,1989,57,605,351,Sold,,,http://www.redfin.com/CA/Redondo-Beach/101-N-Broadway-90277/home/7702116,CRMLS,SB19253928,N,Y,33.842319,-118.387621
PAST SALE,May-9-2018,Townhouse,220 S Prospect Ave #14,Redondo Beach,CA,90277,727000,3,2.5,155 - S Redondo Bch N of Torrance Bl,1541,24531,1980,638,472,324,Sold,,,http://www.redfin.com/CA/Redondo-Beach/220-S-Prospect-Ave-90277/unit-14/home/7712007,CRMLS,SB18046875,N,Y,33.839637,-118.3756635
PAST SALE,March-12-2019,Townhouse,317 N Broadway #7,Redondo Beach,CA,90277,1015000,3,3.0,157 - S Redondo Bch W of PCH,1859,17966,1988,331,546,350,Sold,,,http://www.redfin.com/CA/Redondo-Beach/317-N-Broadway-90277/unit-7/home/7701011,CRMLS,SB19028147,N,Y,33.844686,-118.3892666
PAST SALE,May-17-2019,Townhouse,105 N Lucia Ave Unit A,Redondo Beach,CA,90277,1240000,3,2.5,155 - S Redondo Bch N of Torrance Bl,2040,5912,2005,265,608,,Sold,,,http://www.redfin.com/CA/Redondo-Beach/105-N-Lucia-Ave-90277/unit-A/home/8152446,CRMLS,SB19076880,N,Y,33.8428346,-118.3783575
PAST SALE,April-23-2019,Townhouse,520 Esplanade Unit B,Redondo Beach,CA,90277,1385000,3,2.5,157 - S Redondo Bch W of PCH,1882,9927,1999,289,736,220,Sold,,,http://www.redfin.com/CA/Redondo-Beach/520-Esplanade-90277/unit-B/home/8113145,CRMLS,SB19051204,N,Y,33.8340764,-118.3889755
PAST SALE,March-7-2019,Townhouse,1005 S Catalina Ave Unit A,Redondo Beach,CA,90277,1100000,3,2.5,157 - S Redondo Bch W of PCH,1760,14990,1990,336,625,330,Sold,,,http://www.redfin.com/CA/Redondo-Beach/1005-S-Catalina-Ave-90277/unit-A/home/7705551,CRMLS,SB18295321,N,Y,33.8261363,-118.389039
PAST SALE,June-19-2019,Townhouse,109 Avenue D,Redondo Beach,CA,90277,1871000,3,2.5,S. Redondo Beach South of PCH,2035,7504,1995,232,919,300,Sold,,,http://www.redfin.com/CA/Redondo-Beach/109-Avenue-D-90277/home/7705559,TheMLS,19-472086,N,Y,33.8246724,-118.3889676
PAST SALE,October-10-2019,Townhouse,810 Esplanade Unit C,Redondo Beach,CA,90277,2690000,3,2.5,157 - S Redondo Bch W of PCH,2200,6547,2018,119,1223,300,Sold,,,http://www.redfin.com/CA/Redondo-Beach/810-Esplanade-90277/unit-c/home/145594315,CRMLS,SB19198426,N,Y,33.8282341,-118.3895466
PAST SALE,June-12-2019,Townhouse,210 S Prospect Ave #2,Redondo Beach,CA,90277,949000,3,2.5,155 - S Redondo Bch N of Torrance Bl,2061,13518,1989,239,460,350,Sold,,,http://www.redfin.com/CA/Redondo-Beach/210-S-Prospect-Ave-90277/unit-2/home/7712009,CRMLS,SB19105053,N,Y,33.8401364,-118.3757033
PAST SALE,December-4-2018,Townhouse,120 S Juanita Ave #4,Redondo Beach,CA,90277,868000,3,2.25,155 - S Redondo Bch N of Torrance Bl,1734,12312,1982,429,501,200,Sold,,,http://www.redfin.com/CA/Redondo-Beach/120-S-Juanita-Ave-90277/unit-4/home/7702527,CRMLS,SB18217580,N,Y,33.8412637,-118.3785374
PAST SALE,September-24-2019,Townhouse,115 N Lucia Ave Unit B,Redondo Beach,CA,90277,1010000,3,2.5,155 - S Redondo Bch N of Torrance Bl,1697,5745,1986,135,595,,Sold,,,http://www.redfin.com/CA/Redondo-Beach/115-N-Lucia-Ave-90277/unit-B/home/7701610,CRMLS,SB19163942,N,Y,33.8433667,-118.3784345
PAST SALE,April-24-2018,Townhouse,128 S Broadway Unit E,Redondo Beach,CA,90277,1107000,3,2.5,157 - S Redondo Bch W of PCH,1868,11334,1990,653,593,200,Sold,,,http://www.redfin.com/CA/Redondo-Beach/128-S-Broadway-90277/unit-E/home/145159227,CRMLS,SB18062496,N,Y,33.840909,-118.3865221
PAST SALE,June-7-2018,Townhouse,136 S Broadway,Redondo Beach,CA,90277,1205000,3,3.5,157 - S Redondo Bch W of PCH,2156,11269,1989,609,559,250,Sold,,,http://www.redfin.com/CA/Redondo-Beach/136-S-Broadway-90277/home/7702167,CRMLS,SB18086381,N,Y,33.8405909,-118.386654
PAST SALE,May-1-2019,Townhouse,502 N francisca Ave Unit A,Redondo Beach,CA,90277,1420000,3,2.5,157 - S Redondo Bch W of PCH,2400,5985,2018,281,592,205,Sold,,,http://www.redfin.com/CA/Redondo-Beach/502-N-Francisca-Ave-90277/unit-A/home/145244259,CRMLS,DW18255546,N,Y,33.8487617,-118.3894549
PAST SALE,December-11-2018,Townhouse,806 N Juanita Ave Unit A,Redondo Beach,CA,90277,1460000,3,2.5,155 - S Redondo Bch N of Torrance Bl,2200,5251,2005,422,664,,Sold,,,http://www.redfin.com/CA/Redondo-Beach/806-N-Juanita-Ave-90277/unit-A/home/8178531,CRMLS,SB18289178,N,Y,33.852951,-118.3879
PAST SALE,October-12-2018,Townhouse,722 N Irena Ave Unit B,Redondo Beach,CA,90277,1120000,3,2.5,155 - S Redondo Bch N of Torrance Bl,1614,5648,1999,482,694,142,Sold,,,http://www.redfin.com/CA/Redondo-Beach/722-N-Irena-Ave-90277/unit-B/home/8104067,CRMLS,PV18154458,N,Y,33.8516878,-118.387652
PAST SALE,November-4-2019,Townhouse,613 N Lucia Ave,Redondo Beach,CA,90277,1495000,3,2.5,155 - S Redondo Bch N of Torrance Bl,2291,5991,2014,94,653,,Sold,,,http://www.redfin.com/CA/Redondo-Beach/613-N-Lucia-Ave-90277/home/7700125,CRMLS,SB19228857,N,Y,33.8512277,-118.3840097
PAST SALE,November-21-2019,Townhouse,616 N Juanita Ave Unit A,Redondo Beach,CA,90277,1250000,3,2.5,155 - S Redondo Bch N of Torrance Bl,1905,5987,1990,77,656,,Sold,,,http://www.redfin.com/CA/Redondo-Beach/616-N-Juanita-Ave-90277/unit-A/home/7700149,CRMLS,SB19209830,N,Y,33.8509671,-118.3847463
PAST SALE,,Townhouse,1813 Pullman Ln Unit A,Redondo Beach,CA,90278,1145500,3,2.5,,2100,7300,1988,,545,,,,,http://www.redfin.com/CA/Redondo-Beach/1813-Pullman-Ln-90278/unit-A/home/6700028,,,N,Y,33.864543,-118.379993
PAST SALE,March-5-2019,Townhouse,400 Diamond St Unit C,Redondo Beach,CA,90277,1200000,3,3.0,157 - S Redondo Bch W of PCH,2417,8362,2003,338,496,165,Sold,,,http://www.redfin.com/CA/Redondo-Beach/400-Diamond-St-90277/unit-C/home/22730720,CRMLS,SB18167234,N,Y,33.844265,-118.387816
PAST SALE,,Condo/Co-op,200 N Catalina Ave Unit B,Redondo Beach,CA,90277,1039000,3,3.0,,1931,,1991,,538,,,,,http://www.redfin.com/CA/Redondo-Beach/200-N-Catalina-Ave-90277/unit-B/home/7701022,,,N,Y,33.8438267,-118.3891817
PAST SALE,July-31-2019,Townhouse,315 Diamond St Unit C,Redondo Beach,CA,90277,1065000,3,3.0,157 - S Redondo Bch W of PCH,1754,30531,1991,190,607,261,Sold,,,http://www.redfin.com/CA/Redondo-Beach/315-Diamond-St-90277/unit-C/home/7701016,CRMLS,SB19103787,N,Y,33.8440538,-118.3887218
PAST SALE,May-4-2018,Townhouse,2004 Vanderbilt Ln #4,Redondo Beach,CA,90278,915000,3,2.5,152 - N Redondo Bch/Villas South,1609,14997,1978,643,569,225,Sold,,,http://www.redfin.com/CA/Redondo-Beach/2004-Vanderbilt-Ln-90278/unit-4/home/6690133,CRMLS,SB18056169,N,Y,33.8716147,-118.3763815
PAST SALE,February-23-2018,Townhouse,2116 Carnegie Ln Unit A,Redondo Beach,CA,90278,1038000,3,2.5,152 - N Redondo Bch/Villas South,1810,7502,2008,713,573,200,Sold,,,http://www.redfin.com/CA/Redondo-Beach/2116-Carnegie-Ln-90278/unit-A/home/21881260,CRMLS,PW18018181,N,Y,33.8706339,-118.3733589
PAST SALE,March-30-2018,Townhouse,1912 Carnegie Ln #2,Redondo Beach,CA,90278,840000,3,2.5,152 - N Redondo Bch/Villas South,1552,14986,1984,678,541,180,Sold,,,http://www.redfin.com/CA/Redondo-Beach/1912-Carnegie-Ln-90278/unit-2/home/6690662,CRMLS,SB18037516,N,Y,33.8706782,-118.3778287
